country_name,year,Inflation (%)
Afghanistan,2002,51.93
Afghanistan,2003,35.66
Afghanistan,2004,16.36
Afghanistan,2005,10.57
Afghanistan,2006,6.78
Afghanistan,2007,8.68
Afghanistan,2008,26.42
Afghanistan,2009,-6.81
Afghanistan,2010,2.18
Afghanistan,2011,11.8
Afghanistan,2012,6.44
Afghanistan,2013,7.39
Afghanistan,2014,4.67
Afghanistan,2015,-0.66
Afghanistan,2016,4.38
Afghanistan,2017,4.98
Afghanistan,2018,0.63
Afghanistan,2019,2.3
Afghanistan,2020,5.44
Afghanistan,2021,5.06
Afghanistan,2022,13.71
Afghanistan,2023,9.1
Afghanistan,2024,NA
Albania,2002,5.2
Albania,2003,2.4
Albania,2004,2.9
Albania,2005,2.4
Albania,2006,2.4
Albania,2007,3
Albania,2008,3.3
Albania,2009,2.2
Albania,2010,3.6
Albania,2011,3.4
Albania,2012,2
Albania,2013,1.9
Albania,2014,1.6
Albania,2015,1.9
Albania,2016,1.3
Albania,2017,2
Albania,2018,2
Albania,2019,1.4
Albania,2020,1.6
Albania,2021,2
Albania,2022,6.7
Albania,2023,4.8
Albania,2024,4
Algeria,2002,1.4
Algeria,2003,4.3
Algeria,2004,4
Algeria,2005,1.4
Algeria,2006,2.3
Algeria,2007,3.7
Algeria,2008,4.9
Algeria,2009,5.7
Algeria,2010,3.9
Algeria,2011,4.5
Algeria,2012,8.9
Algeria,2013,3.3
Algeria,2014,2.9
Algeria,2015,4.8
Algeria,2016,6.4
Algeria,2017,5.6
Algeria,2018,4.3
Algeria,2019,2
Algeria,2020,2.4
Algeria,2021,7.2
Algeria,2022,9.3
Algeria,2023,9
Algeria,2024,6.8
Andorra,2002,3.1
Andorra,2003,3.1
Andorra,2004,2.9
Andorra,2005,3.5
Andorra,2006,3.7
Andorra,2007,2.7
Andorra,2008,4.3
Andorra,2009,-1.2
Andorra,2010,1.7
Andorra,2011,2.6
Andorra,2012,1.5
Andorra,2013,0.5
Andorra,2014,-0.1
Andorra,2015,-1.1
Andorra,2016,-0.4
Andorra,2017,2.6
Andorra,2018,1
Andorra,2019,0.5
Andorra,2020,0.1
Andorra,2021,1.7
Andorra,2022,6.2
Andorra,2023,5.2
Andorra,2024,3.5
Angola,2002,108.9
Angola,2003,98.2
Angola,2004,43.5
Angola,2005,23
Angola,2006,13.3
Angola,2007,12.2
Angola,2008,12.5
Angola,2009,13.7
Angola,2010,14.5
Angola,2011,13.5
Angola,2012,10.3
Angola,2013,8.8
Angola,2014,7.3
Angola,2015,9.2
Angola,2016,30.7
Angola,2017,29.8
Angola,2018,19.6
Angola,2019,17.1
Angola,2020,22.3
Angola,2021,25.8
Angola,2022,21.4
Angola,2023,13.1
Angola,2024,22.3
Antigua and Barbuda,2002,2.4
Antigua and Barbuda,2003,2
Antigua and Barbuda,2004,2
Antigua and Barbuda,2005,2.1
Antigua and Barbuda,2006,1.8
Antigua and Barbuda,2007,1.4
Antigua and Barbuda,2008,5.3
Antigua and Barbuda,2009,-0.6
Antigua and Barbuda,2010,3.4
Antigua and Barbuda,2011,3.5
Antigua and Barbuda,2012,3.4
Antigua and Barbuda,2013,1.1
Antigua and Barbuda,2014,1.1
Antigua and Barbuda,2015,1
Antigua and Barbuda,2016,-0.5
Antigua and Barbuda,2017,2.4
Antigua and Barbuda,2018,1.2
Antigua and Barbuda,2019,1.4
Antigua and Barbuda,2020,1.1
Antigua and Barbuda,2021,1.6
Antigua and Barbuda,2022,7.5
Antigua and Barbuda,2023,5
Antigua and Barbuda,2024,2.9
Argentina,2002,25.9
Argentina,2003,13.4
Argentina,2004,4.4
Argentina,2005,9.6
Argentina,2006,10.9
Argentina,2007,8.8
Argentina,2008,8.6
Argentina,2009,6.3
Argentina,2010,10.5
Argentina,2011,9.8
Argentina,2012,10
Argentina,2013,10.6
Argentina,2014,NA
Argentina,2015,NA
Argentina,2016,NA
Argentina,2017,25.7
Argentina,2018,34.3
Argentina,2019,53.5
Argentina,2020,42
Argentina,2021,48.4
Argentina,2022,72.4
Argentina,2023,121.7
Argentina,2024,93.7
Armenia,2002,1
Armenia,2003,4.7
Armenia,2004,6.9
Armenia,2005,0.6
Armenia,2006,2.9
Armenia,2007,4.4
Armenia,2008,9.1
Armenia,2009,3.5
Armenia,2010,8.2
Armenia,2011,7.5
Armenia,2012,2.5
Armenia,2013,5.7
Armenia,2014,3
Armenia,2015,3.7
Armenia,2016,-1.4
Armenia,2017,1.2
Armenia,2018,2.5
Armenia,2019,1.4
Armenia,2020,1.2
Armenia,2021,7.2
Armenia,2022,8.6
Armenia,2023,3.5
Armenia,2024,4
Australia,2002,3
Australia,2003,2.7
Australia,2004,2.3
Australia,2005,2.7
Australia,2006,3.6
Australia,2007,2.4
Australia,2008,4.3
Australia,2009,1.8
Australia,2010,2.9
Australia,2011,3.4
Australia,2012,1.7
Australia,2013,2.5
Australia,2014,2.5
Australia,2015,1.5
Australia,2016,1.3
Australia,2017,2
Australia,2018,1.9
Australia,2019,1.6
Australia,2020,0.9
Australia,2021,2.8
Australia,2022,6.6
Australia,2023,5.8
Australia,2024,4
Austria,2002,1.7
Austria,2003,1.3
Austria,2004,2
Austria,2005,2.1
Austria,2006,1.7
Austria,2007,2.2
Austria,2008,3.2
Austria,2009,0.4
Austria,2010,1.7
Austria,2011,3.5
Austria,2012,2.6
Austria,2013,2.1
Austria,2014,1.5
Austria,2015,0.8
Austria,2016,1
Austria,2017,2.2
Austria,2018,2.1
Austria,2019,1.5
Austria,2020,1.4
Austria,2021,2.8
Austria,2022,8.6
Austria,2023,7.8
Austria,2024,3.7
Azerbaijan,2002,2.8
Azerbaijan,2003,2.1
Azerbaijan,2004,6.7
Azerbaijan,2005,9.6
Azerbaijan,2006,8.3
Azerbaijan,2007,16.7
Azerbaijan,2008,20.8
Azerbaijan,2009,1.5
Azerbaijan,2010,5.7
Azerbaijan,2011,7.9
Azerbaijan,2012,1.1
Azerbaijan,2013,2.4
Azerbaijan,2014,1.4
Azerbaijan,2015,4
Azerbaijan,2016,12.4
Azerbaijan,2017,12.9
Azerbaijan,2018,2.3
Azerbaijan,2019,2.6
Azerbaijan,2020,2.8
Azerbaijan,2021,6.7
Azerbaijan,2022,13.9
Azerbaijan,2023,10.3
Azerbaijan,2024,5.6
Bahamas,2002,1.5
Bahamas,2003,3.7
Bahamas,2004,1.2
Bahamas,2005,1.8
Bahamas,2006,2
Bahamas,2007,2.4
Bahamas,2008,4.4
Bahamas,2009,1.7
Bahamas,2010,1.6
Bahamas,2011,3.1
Bahamas,2012,1.9
Bahamas,2013,0.4
Bahamas,2014,1.2
Bahamas,2015,1.9
Bahamas,2016,-0.3
Bahamas,2017,1.5
Bahamas,2018,2.3
Bahamas,2019,2.5
Bahamas,2020,0
Bahamas,2021,2.9
Bahamas,2022,5.6
Bahamas,2023,3.9
Bahamas,2024,3.2
Bahrain,2002,-0.5
Bahrain,2003,1.7
Bahrain,2004,2.2
Bahrain,2005,2.6
Bahrain,2006,2
Bahrain,2007,3.3
Bahrain,2008,3.5
Bahrain,2009,2.8
Bahrain,2010,2
Bahrain,2011,-0.3
Bahrain,2012,2.8
Bahrain,2013,3.3
Bahrain,2014,2.6
Bahrain,2015,1.8
Bahrain,2016,2.8
Bahrain,2017,1.4
Bahrain,2018,2.1
Bahrain,2019,1
Bahrain,2020,-2.3
Bahrain,2021,-0.6
Bahrain,2022,3.6
Bahrain,2023,1
Bahrain,2024,1.4
Bangladesh,2002,2.4
Bangladesh,2003,3.9
Bangladesh,2004,8.1
Bangladesh,2005,6.5
Bangladesh,2006,7.2
Bangladesh,2007,7.2
Bangladesh,2008,9.9
Bangladesh,2009,6.7
Bangladesh,2010,7.3
Bangladesh,2011,8.8
Bangladesh,2012,8.9
Bangladesh,2013,6.8
Bangladesh,2014,7.3
Bangladesh,2015,6.4
Bangladesh,2016,5.9
Bangladesh,2017,5.4
Bangladesh,2018,5.8
Bangladesh,2019,5.5
Bangladesh,2020,5.6
Bangladesh,2021,5.6
Bangladesh,2022,6.1
Bangladesh,2023,9
Bangladesh,2024,7.9
Barbados,2002,0.2
Barbados,2003,1.6
Barbados,2004,1.4
Barbados,2005,6.1
Barbados,2006,7.3
Barbados,2007,4
Barbados,2008,8.1
Barbados,2009,3.6
Barbados,2010,5.8
Barbados,2011,9.4
Barbados,2012,4.5
Barbados,2013,1.8
Barbados,2014,1.8
Barbados,2015,-1.1
Barbados,2016,1.5
Barbados,2017,4.4
Barbados,2018,-44.4
Barbados,2019,2.3
Barbados,2020,0.5
Barbados,2021,1.5
Barbados,2022,5
Barbados,2023,5.2
Barbados,2024,3.1
Belarus,2002,42.6
Belarus,2003,28.4
Belarus,2004,18.1
Belarus,2005,10.3
Belarus,2006,7
Belarus,2007,8.4
Belarus,2008,14.8
Belarus,2009,13
Belarus,2010,7.7
Belarus,2011,53.2
Belarus,2012,59.2
Belarus,2013,18.3
Belarus,2014,18.1
Belarus,2015,13.5
Belarus,2016,11.8
Belarus,2017,6
Belarus,2018,4.9
Belarus,2019,5.6
Belarus,2020,5.5
Belarus,2021,9.5
Belarus,2022,15.2
Belarus,2023,4.7
Belarus,2024,5.7
Belgium,2002,1.5
Belgium,2003,1.5
Belgium,2004,1.9
Belgium,2005,2.5
Belgium,2006,2.3
Belgium,2007,1.8
Belgium,2008,4.5
Belgium,2009,0
Belgium,2010,2.3
Belgium,2011,3.3
Belgium,2012,2.6
Belgium,2013,1.2
Belgium,2014,0.5
Belgium,2015,0.6
Belgium,2016,1.8
Belgium,2017,2.2
Belgium,2018,2.3
Belgium,2019,1.3
Belgium,2020,0.4
Belgium,2021,3.2
Belgium,2022,10.3
Belgium,2023,2.5
Belgium,2024,4.3
Belize,2002,2.2
Belize,2003,2.6
Belize,2004,3.1
Belize,2005,3.7
Belize,2006,4.2
Belize,2007,2.3
Belize,2008,6.4
Belize,2009,-1.1
Belize,2010,0.9
Belize,2011,1.7
Belize,2012,1.2
Belize,2013,0.5
Belize,2014,1.2
Belize,2015,-0.9
Belize,2016,0.7
Belize,2017,1.1
Belize,2018,0.3
Belize,2019,0.2
Belize,2020,0.1
Belize,2021,3.2
Belize,2022,6.3
Belize,2023,3.7
Belize,2024,1.7
Benin,2002,2.7
Benin,2003,1.8
Benin,2004,1.3
Benin,2005,4.7
Benin,2006,5.2
Benin,2007,1.3
Benin,2008,6.8
Benin,2009,0.7
Benin,2010,2.3
Benin,2011,2.8
Benin,2012,7
Benin,2013,1
Benin,2014,-1.1
Benin,2015,0.2
Benin,2016,-0.8
Benin,2017,1.8
Benin,2018,0.8
Benin,2019,-0.9
Benin,2020,3
Benin,2021,1.7
Benin,2022,1.4
Benin,2023,5
Benin,2024,2.5
Bhutan,2002,2.9
Bhutan,2003,2.5
Bhutan,2004,3.3
Bhutan,2005,4.8
Bhutan,2006,4.9
Bhutan,2007,5.2
Bhutan,2008,6.3
Bhutan,2009,7.1
Bhutan,2010,4.8
Bhutan,2011,8.6
Bhutan,2012,10.1
Bhutan,2013,8.1
Bhutan,2014,9.6
Bhutan,2015,6.7
Bhutan,2016,3.3
Bhutan,2017,4.3
Bhutan,2018,3.7
Bhutan,2019,2.8
Bhutan,2020,3
Bhutan,2021,8.2
Bhutan,2022,5.9
Bhutan,2023,5.2
Bhutan,2024,4.4
Bolivia,2002,0.9
Bolivia,2003,3.3
Bolivia,2004,4.4
Bolivia,2005,5.4
Bolivia,2006,4.3
Bolivia,2007,6.7
Bolivia,2008,14
Bolivia,2009,3.3
Bolivia,2010,2.5
Bolivia,2011,9.9
Bolivia,2012,4.5
Bolivia,2013,5.7
Bolivia,2014,5.8
Bolivia,2015,4.1
Bolivia,2016,3.6
Bolivia,2017,2.8
Bolivia,2018,2.3
Bolivia,2019,1.8
Bolivia,2020,0.9
Bolivia,2021,0.7
Bolivia,2022,1.7
Bolivia,2023,3
Bolivia,2024,4.4
Bosnia and Herzegovina,2002,0.3
Bosnia and Herzegovina,2003,0.5
Bosnia and Herzegovina,2004,0.3
Bosnia and Herzegovina,2005,3.6
Bosnia and Herzegovina,2006,6.1
Bosnia and Herzegovina,2007,1.5
Bosnia and Herzegovina,2008,7.4
Bosnia and Herzegovina,2009,-0.4
Bosnia and Herzegovina,2010,2.1
Bosnia and Herzegovina,2011,4
Bosnia and Herzegovina,2012,2.1
Bosnia and Herzegovina,2013,-0.1
Bosnia and Herzegovina,2014,-0.9
Bosnia and Herzegovina,2015,-1
Bosnia and Herzegovina,2016,-1.6
Bosnia and Herzegovina,2017,0.8
Bosnia and Herzegovina,2018,1.4
Bosnia and Herzegovina,2019,0.6
Bosnia and Herzegovina,2020,-1.1
Bosnia and Herzegovina,2021,2
Bosnia and Herzegovina,2022,14
Bosnia and Herzegovina,2023,5.5
Bosnia and Herzegovina,2024,3
Botswana,2002,8
Botswana,2003,9.2
Botswana,2004,7
Botswana,2005,8.6
Botswana,2006,11.6
Botswana,2007,7.1
Botswana,2008,12.6
Botswana,2009,8.1
Botswana,2010,6.9
Botswana,2011,8.5
Botswana,2012,7.5
Botswana,2013,5.9
Botswana,2014,4.4
Botswana,2015,3.1
Botswana,2016,2.8
Botswana,2017,3.3
Botswana,2018,3.2
Botswana,2019,2.7
Botswana,2020,1.9
Botswana,2021,6.7
Botswana,2022,12.2
Botswana,2023,5.9
Botswana,2024,4.7
Brazil,2002,8.4
Brazil,2003,14.7
Brazil,2004,6.6
Brazil,2005,6.9
Brazil,2006,4.2
Brazil,2007,3.6
Brazil,2008,5.7
Brazil,2009,4.9
Brazil,2010,5
Brazil,2011,6.6
Brazil,2012,5.4
Brazil,2013,6.2
Brazil,2014,6.3
Brazil,2015,9
Brazil,2016,8.7
Brazil,2017,3.4
Brazil,2018,3.7
Brazil,2019,3.7
Brazil,2020,3.2
Brazil,2021,8.3
Brazil,2022,9.3
Brazil,2023,4.7
Brazil,2024,4.5
Brunei ,2002,-2.3
Brunei ,2003,0.3
Brunei ,2004,0.8
Brunei ,2005,1.2
Brunei ,2006,0.2
Brunei ,2007,1
Brunei ,2008,2.1
Brunei ,2009,1
Brunei ,2010,0.4
Brunei ,2011,0.1
Brunei ,2012,0.1
Brunei ,2013,0.4
Brunei ,2014,-0.2
Brunei ,2015,-0.5
Brunei ,2016,-0.3
Brunei ,2017,-1.3
Brunei ,2018,1
Brunei ,2019,-0.4
Brunei ,2020,1.9
Brunei ,2021,1.7
Brunei ,2022,3.7
Brunei ,2023,1.7
Brunei ,2024,1.5
Bulgaria,2002,5.8
Bulgaria,2003,2.3
Bulgaria,2004,6.1
Bulgaria,2005,6
Bulgaria,2006,7.4
Bulgaria,2007,7.6
Bulgaria,2008,12
Bulgaria,2009,2.5
Bulgaria,2010,3
Bulgaria,2011,3.4
Bulgaria,2012,2.4
Bulgaria,2013,0.4
Bulgaria,2014,-1.6
Bulgaria,2015,-1.1
Bulgaria,2016,-1.3
Bulgaria,2017,1.2
Bulgaria,2018,2.6
Bulgaria,2019,2.5
Bulgaria,2020,1.2
Bulgaria,2021,2.8
Bulgaria,2022,13
Bulgaria,2023,8.5
Bulgaria,2024,3
Burkina Faso,2002,2.3
Burkina Faso,2003,2
Burkina Faso,2004,-0.4
Burkina Faso,2005,6.4
Burkina Faso,2006,2.3
Burkina Faso,2007,-0.2
Burkina Faso,2008,10.7
Burkina Faso,2009,0.9
Burkina Faso,2010,-0.6
Burkina Faso,2011,2.8
Burkina Faso,2012,3.8
Burkina Faso,2013,0.5
Burkina Faso,2014,-0.3
Burkina Faso,2015,1.7
Burkina Faso,2016,0.4
Burkina Faso,2017,1.5
Burkina Faso,2018,2
Burkina Faso,2019,-3.2
Burkina Faso,2020,1.9
Burkina Faso,2021,3.9
Burkina Faso,2022,14.1
Burkina Faso,2023,1.4
Burkina Faso,2024,3
Burundi,2002,-1.3
Burundi,2003,10.6
Burundi,2004,8.2
Burundi,2005,13.3
Burundi,2006,2.7
Burundi,2007,8.4
Burundi,2008,24.4
Burundi,2009,10.6
Burundi,2010,6.5
Burundi,2011,9.6
Burundi,2012,18.2
Burundi,2013,7.9
Burundi,2014,4.4
Burundi,2015,5.6
Burundi,2016,5.5
Burundi,2017,16.6
Burundi,2018,-2.8
Burundi,2019,-0.7
Burundi,2020,7.3
Burundi,2021,8.3
Burundi,2022,18.9
Burundi,2023,20.1
Burundi,2024,16.1
Cabo Verde,2002,1.9
Cabo Verde,2003,1.2
Cabo Verde,2004,-1.9
Cabo Verde,2005,0.4
Cabo Verde,2006,4.8
Cabo Verde,2007,4.4
Cabo Verde,2008,6.8
Cabo Verde,2009,1
Cabo Verde,2010,2.1
Cabo Verde,2011,4.5
Cabo Verde,2012,2.5
Cabo Verde,2013,1.5
Cabo Verde,2014,-0.2
Cabo Verde,2015,0.1
Cabo Verde,2016,-1.4
Cabo Verde,2017,0.8
Cabo Verde,2018,1.3
Cabo Verde,2019,1.1
Cabo Verde,2020,0.6
Cabo Verde,2021,1.9
Cabo Verde,2022,7.9
Cabo Verde,2023,5.2
Cabo Verde,2024,2
Cambodia,2002,0
Cambodia,2003,1
Cambodia,2004,3.9
Cambodia,2005,6.3
Cambodia,2006,6.1
Cambodia,2007,7.7
Cambodia,2008,25
Cambodia,2009,-0.7
Cambodia,2010,4
Cambodia,2011,5.5
Cambodia,2012,2.9
Cambodia,2013,2.9
Cambodia,2014,3.9
Cambodia,2015,1.2
Cambodia,2016,3
Cambodia,2017,2.9
Cambodia,2018,2.5
Cambodia,2019,1.9
Cambodia,2020,2.9
Cambodia,2021,2.9
Cambodia,2022,5.3
Cambodia,2023,2
Cambodia,2024,3
Cameroon,2002,2.8
Cameroon,2003,0.6
Cameroon,2004,0.3
Cameroon,2005,2
Cameroon,2006,4.9
Cameroon,2007,1.1
Cameroon,2008,5.3
Cameroon,2009,3
Cameroon,2010,1.3
Cameroon,2011,3
Cameroon,2012,2.4
Cameroon,2013,2.1
Cameroon,2014,1.9
Cameroon,2015,2.7
Cameroon,2016,0.9
Cameroon,2017,0.6
Cameroon,2018,1.1
Cameroon,2019,2.5
Cameroon,2020,2.5
Cameroon,2021,2.3
Cameroon,2022,6.3
Cameroon,2023,7.2
Cameroon,2024,4.8
Canada,2002,2.3
Canada,2003,2.8
Canada,2004,1.9
Canada,2005,2.2
Canada,2006,2
Canada,2007,2.1
Canada,2008,2.4
Canada,2009,0.3
Canada,2010,1.8
Canada,2011,2.9
Canada,2012,1.5
Canada,2013,0.9
Canada,2014,1.9
Canada,2015,1.1
Canada,2016,1.4
Canada,2017,1.6
Canada,2018,2.3
Canada,2019,1.9
Canada,2020,0.7
Canada,2021,3.4
Canada,2022,6.8
Canada,2023,3.6
Canada,2024,2.4
Central African Republic,2002,2.3
Central African Republic,2003,4.4
Central African Republic,2004,-2.6
Central African Republic,2005,2.9
Central African Republic,2006,6.9
Central African Republic,2007,0.9
Central African Republic,2008,9.2
Central African Republic,2009,3.6
Central African Republic,2010,1.5
Central African Republic,2011,1.2
Central African Republic,2012,5.9
Central African Republic,2013,4
Central African Republic,2014,17.8
Central African Republic,2015,1.4
Central African Republic,2016,4.9
Central African Republic,2017,4.2
Central African Republic,2018,1.6
Central African Republic,2019,2.8
Central African Republic,2020,0.9
Central African Republic,2021,4.3
Central African Republic,2022,5.8
Central African Republic,2023,6.5
Central African Republic,2024,3.2
Chad,2002,5.2
Chad,2003,-1.8
Chad,2004,-4.8
Chad,2005,4.4
Chad,2006,9.6
Chad,2007,-7.4
Chad,2008,8.3
Chad,2009,10.1
Chad,2010,-2.1
Chad,2011,2
Chad,2012,7.5
Chad,2013,0.2
Chad,2014,1.7
Chad,2015,4.8
Chad,2016,-1.6
Chad,2017,-0.9
Chad,2018,4
Chad,2019,-1
Chad,2020,4.5
Chad,2021,-0.8
Chad,2022,5.8
Chad,2023,7
Chad,2024,3.5
Chile,2002,2.5
Chile,2003,2.8
Chile,2004,1.1
Chile,2005,3.1
Chile,2006,3.4
Chile,2007,4.4
Chile,2008,8.7
Chile,2009,1.5
Chile,2010,1.4
Chile,2011,3.3
Chile,2012,3
Chile,2013,1.8
Chile,2014,4.7
Chile,2015,4.3
Chile,2016,3.8
Chile,2017,2.2
Chile,2018,2.3
Chile,2019,2.2
Chile,2020,3
Chile,2021,4.5
Chile,2022,11.6
Chile,2023,7.8
Chile,2024,3.6
China,2002,-0.7
China,2003,1.1
China,2004,3.8
China,2005,1.8
China,2006,1.6
China,2007,4.8
China,2008,5.9
China,2009,-0.7
China,2010,3.2
China,2011,5.5
China,2012,2.6
China,2013,2.6
China,2014,2.1
China,2015,1.5
China,2016,2.1
China,2017,1.5
China,2018,1.9
China,2019,2.9
China,2020,2.5
China,2021,0.9
China,2022,1.9
China,2023,0.7
China,2024,1.7
Colombia,2002,6.3
Colombia,2003,7.1
Colombia,2004,5.9
Colombia,2005,5
Colombia,2006,4.3
Colombia,2007,5.5
Colombia,2008,7
Colombia,2009,4.2
Colombia,2010,2.3
Colombia,2011,3.4
Colombia,2012,3.2
Colombia,2013,2
Colombia,2014,2.9
Colombia,2015,5
Colombia,2016,7.5
Colombia,2017,4.3
Colombia,2018,3.2
Colombia,2019,3.5
Colombia,2020,2.5
Colombia,2021,3.5
Colombia,2022,10.2
Colombia,2023,11.4
Colombia,2024,5.2
Comoros,2002,3.6
Comoros,2003,3.7
Comoros,2004,4.5
Comoros,2005,3
Comoros,2006,3.4
Comoros,2007,4.5
Comoros,2008,4.8
Comoros,2009,4.8
Comoros,2010,3.9
Comoros,2011,2.2
Comoros,2012,5.9
Comoros,2013,0.4
Comoros,2014,0
Comoros,2015,0.9
Comoros,2016,0.8
Comoros,2017,0.1
Comoros,2018,1.7
Comoros,2019,3.7
Comoros,2020,0.8
Comoros,2021,0
Comoros,2022,12.4
Comoros,2023,11.1
Comoros,2024,1.2
Congo (Kinshasa),2002,25.3
Congo (Kinshasa),2003,12.8
Congo (Kinshasa),2004,4
Congo (Kinshasa),2005,21.5
Congo (Kinshasa),2006,12.8
Congo (Kinshasa),2007,16.7
Congo (Kinshasa),2008,18
Congo (Kinshasa),2009,46.1
Congo (Kinshasa),2010,23.5
Congo (Kinshasa),2011,14.9
Congo (Kinshasa),2012,0.9
Congo (Kinshasa),2013,0.9
Congo (Kinshasa),2014,1.2
Congo (Kinshasa),2015,0.7
Congo (Kinshasa),2016,3.2
Congo (Kinshasa),2017,35.7
Congo (Kinshasa),2018,29.3
Congo (Kinshasa),2019,4.7
Congo (Kinshasa),2020,11.4
Congo (Kinshasa),2021,9
Congo (Kinshasa),2022,9.3
Congo (Kinshasa),2023,19.1
Congo (Kinshasa),2024,10.6
Costa Rica,2002,9.2
Costa Rica,2003,9.4
Costa Rica,2004,12.3
Costa Rica,2005,13.8
Costa Rica,2006,11.5
Costa Rica,2007,9.4
Costa Rica,2008,13.4
Costa Rica,2009,7.8
Costa Rica,2010,5.7
Costa Rica,2011,4.9
Costa Rica,2012,4.5
Costa Rica,2013,5.2
Costa Rica,2014,4.5
Costa Rica,2015,0.8
Costa Rica,2016,0
Costa Rica,2017,1.6
Costa Rica,2018,2.2
Costa Rica,2019,2.1
Costa Rica,2020,0.7
Costa Rica,2021,1.7
Costa Rica,2022,8.3
Costa Rica,2023,0.7
Costa Rica,2024,1.9
Croatia,2002,2.5
Croatia,2003,2.4
Croatia,2004,2.1
Croatia,2005,3
Croatia,2006,3.3
Croatia,2007,2.7
Croatia,2008,5.8
Croatia,2009,2.2
Croatia,2010,1.1
Croatia,2011,2.2
Croatia,2012,3.4
Croatia,2013,2.3
Croatia,2014,0.2
Croatia,2015,-0.3
Croatia,2016,-0.6
Croatia,2017,1.3
Croatia,2018,1.6
Croatia,2019,0.8
Croatia,2020,0
Croatia,2021,2.7
Croatia,2022,10.7
Croatia,2023,8.6
Croatia,2024,4.2
Cuba,2002,3.1
Cuba,2003,3.3
Cuba,2004,1.5
Cuba,2005,3.9
Cuba,2006,2.5
Cuba,2007,1.9
Cuba,2008,1.7
Cuba,2009,0.5
Cuba,2010,1.8
Cuba,2011,4.9
Cuba,2012,1.3
Cuba,2013,2.6
Cuba,2014,0.5
Cuba,2015,1.2
Cuba,2016,0.6
Cuba,2017,0.6
Cuba,2018,0.6
Cuba,2019,0.8
Cuba,2020,2.4
Cuba,2021,4.2
Cuba,2022,5.2
Cuba,2023,4.3
Cuba,2024,2.3
Cyprus,2002,2.8
Cyprus,2003,4
Cyprus,2004,1.9
Cyprus,2005,2
Cyprus,2006,2.3
Cyprus,2007,2.2
Cyprus,2008,4.4
Cyprus,2009,0.2
Cyprus,2010,2.6
Cyprus,2011,3.5
Cyprus,2012,3.1
Cyprus,2013,0.4
Cyprus,2014,-0.3
Cyprus,2015,-1.5
Cyprus,2016,-1.2
Cyprus,2017,0.7
Cyprus,2018,0.8
Cyprus,2019,0.6
Cyprus,2020,-1.1
Cyprus,2021,2.2
Cyprus,2022,8.1
Cyprus,2023,3.5
Cyprus,2024,2.4
Czechia,2002,1.9
Czechia,2003,0.1
Czechia,2004,2.8
Czechia,2005,1.9
Czechia,2006,2.5
Czechia,2007,2.9
Czechia,2008,6.4
Czechia,2009,1
Czechia,2010,1.5
Czechia,2011,1.9
Czechia,2012,3.3
Czechia,2013,1.4
Czechia,2014,0.3
Czechia,2015,0.3
Czechia,2016,0.7
Czechia,2017,2.5
Czechia,2018,2.1
Czechia,2019,2.8
Czechia,2020,3.2
Czechia,2021,3.8
Czechia,2022,15.1
Czechia,2023,10.9
Czechia,2024,4.6
Denmark,2002,2.4
Denmark,2003,2
Denmark,2004,0.9
Denmark,2005,1.7
Denmark,2006,1.8
Denmark,2007,1.7
Denmark,2008,3.6
Denmark,2009,1
Denmark,2010,2.2
Denmark,2011,2.7
Denmark,2012,2.4
Denmark,2013,0.5
Denmark,2014,0.4
Denmark,2015,0.2
Denmark,2016,0
Denmark,2017,1.1
Denmark,2018,0.7
Denmark,2019,0.7
Denmark,2020,0.3
Denmark,2021,1.9
Denmark,2022,8.5
Denmark,2023,4.1
Denmark,2024,2.8
Djibouti,2002,1.4
Djibouti,2003,1.6
Djibouti,2004,2.4
Djibouti,2005,3.3
Djibouti,2006,3.5
Djibouti,2007,5.9
Djibouti,2008,8.7
Djibouti,2009,5.6
Djibouti,2010,2.5
Djibouti,2011,5.2
Djibouti,2012,4.2
Djibouti,2013,1.1
Djibouti,2014,1.3
Djibouti,2015,-0.8
Djibouti,2016,2.7
Djibouti,2017,0.6
Djibouti,2018,0.1
Djibouti,2019,3.3
Djibouti,2020,1.8
Djibouti,2021,1.2
Djibouti,2022,5.2
Djibouti,2023,1.2
Djibouti,2024,1.8
Dominica,2002,0.2
Dominica,2003,1.5
Dominica,2004,2.4
Dominica,2005,1.7
Dominica,2006,2.6
Dominica,2007,3.2
Dominica,2008,6.4
Dominica,2009,0
Dominica,2010,2.8
Dominica,2011,1.1
Dominica,2012,1.4
Dominica,2013,0
Dominica,2014,0.8
Dominica,2015,-0.9
Dominica,2016,0.1
Dominica,2017,0.3
Dominica,2018,1
Dominica,2019,1.5
Dominica,2020,-0.7
Dominica,2021,1.6
Dominica,2022,6.8
Dominica,2023,6.2
Dominica,2024,2.8
Dominican Republic,2002,5.2
Dominican Republic,2003,27.4
Dominican Republic,2004,51.5
Dominican Republic,2005,4.2
Dominican Republic,2006,7.6
Dominican Republic,2007,6.1
Dominican Republic,2008,10.6
Dominican Republic,2009,1.4
Dominican Republic,2010,6.3
Dominican Republic,2011,8.5
Dominican Republic,2012,3.7
Dominican Republic,2013,4.8
Dominican Republic,2014,3
Dominican Republic,2015,0.8
Dominican Republic,2016,1.6
Dominican Republic,2017,3.3
Dominican Republic,2018,3.6
Dominican Republic,2019,1.8
Dominican Republic,2020,3.8
Dominican Republic,2021,8.2
Dominican Republic,2022,8.8
Dominican Republic,2023,4.9
Dominican Republic,2024,4.2
Ecuador,2002,12.5
Ecuador,2003,7.9
Ecuador,2004,2.7
Ecuador,2005,2.2
Ecuador,2006,3.3
Ecuador,2007,2.3
Ecuador,2008,8.4
Ecuador,2009,5.2
Ecuador,2010,3.6
Ecuador,2011,4.5
Ecuador,2012,5.1
Ecuador,2013,2.7
Ecuador,2014,3.6
Ecuador,2015,4
Ecuador,2016,1.7
Ecuador,2017,0.4
Ecuador,2018,-0.2
Ecuador,2019,0.3
Ecuador,2020,-0.3
Ecuador,2021,0.1
Ecuador,2022,3.5
Ecuador,2023,2.3
Ecuador,2024,1.8
Egypt,2002,2.3
Egypt,2003,3.4
Egypt,2004,8.2
Egypt,2005,8.7
Egypt,2006,4.3
Egypt,2007,10.9
Egypt,2008,11.7
Egypt,2009,16.2
Egypt,2010,11.7
Egypt,2011,11.1
Egypt,2012,8.7
Egypt,2013,6.9
Egypt,2014,10.1
Egypt,2015,11
Egypt,2016,10.2
Egypt,2017,23.5
Egypt,2018,20.9
Egypt,2019,13.9
Egypt,2020,5.7
Egypt,2021,4.5
Egypt,2022,8.5
Egypt,2023,23.5
Egypt,2024,32.2
El Salvador,2002,1.9
El Salvador,2003,2.1
El Salvador,2004,4.5
El Salvador,2005,4.7
El Salvador,2006,4
El Salvador,2007,4.6
El Salvador,2008,7.3
El Salvador,2009,0.5
El Salvador,2010,1.2
El Salvador,2011,5.1
El Salvador,2012,1.7
El Salvador,2013,0.8
El Salvador,2014,1.1
El Salvador,2015,-0.7
El Salvador,2016,0.6
El Salvador,2017,1
El Salvador,2018,1.1
El Salvador,2019,0.1
El Salvador,2020,-0.4
El Salvador,2021,3.5
El Salvador,2022,7.2
El Salvador,2023,4.4
El Salvador,2024,2.4
Equatorial Guinea,2002,7.6
Equatorial Guinea,2003,7.3
Equatorial Guinea,2004,4.2
Equatorial Guinea,2005,5.6
Equatorial Guinea,2006,4.5
Equatorial Guinea,2007,2.8
Equatorial Guinea,2008,4.7
Equatorial Guinea,2009,5.7
Equatorial Guinea,2010,5.3
Equatorial Guinea,2011,4.8
Equatorial Guinea,2012,3.4
Equatorial Guinea,2013,3.2
Equatorial Guinea,2014,4.3
Equatorial Guinea,2015,1.7
Equatorial Guinea,2016,1.4
Equatorial Guinea,2017,0.7
Equatorial Guinea,2018,1.3
Equatorial Guinea,2019,1.2
Equatorial Guinea,2020,4.8
Equatorial Guinea,2021,-0.1
Equatorial Guinea,2022,4.9
Equatorial Guinea,2023,2.4
Equatorial Guinea,2024,4
Eritrea,2002,16.9
Eritrea,2003,22.7
Eritrea,2004,25.1
Eritrea,2005,12.5
Eritrea,2006,7.7
Eritrea,2007,9.4
Eritrea,2008,22.2
Eritrea,2009,33.9
Eritrea,2010,10.3
Eritrea,2011,5.9
Eritrea,2012,6
Eritrea,2013,6.3
Eritrea,2014,8.4
Eritrea,2015,28.5
Eritrea,2016,-5.6
Eritrea,2017,-13.3
Eritrea,2018,-14.4
Eritrea,2019,1.3
Eritrea,2020,NA
Eritrea,2021,NA
Eritrea,2022,NA
Eritrea,2023,NA
Eritrea,2024,NA
Estonia,2002,3.6
Estonia,2003,1.4
Estonia,2004,3
Estonia,2005,4.1
Estonia,2006,4.4
Estonia,2007,6.7
Estonia,2008,10.6
Estonia,2009,0.2
Estonia,2010,2.7
Estonia,2011,5.1
Estonia,2012,4.2
Estonia,2013,3.2
Estonia,2014,0.5
Estonia,2015,0.1
Estonia,2016,0.8
Estonia,2017,3.7
Estonia,2018,3.4
Estonia,2019,2.3
Estonia,2020,-0.6
Estonia,2021,4.5
Estonia,2022,19.4
Estonia,2023,10
Estonia,2024,3.8
Eswatini,2002,11.9
Eswatini,2003,7.3
Eswatini,2004,3.5
Eswatini,2005,4.9
Eswatini,2006,5.2
Eswatini,2007,8.1
Eswatini,2008,12.7
Eswatini,2009,7.4
Eswatini,2010,4.5
Eswatini,2011,6.1
Eswatini,2012,8.9
Eswatini,2013,5.6
Eswatini,2014,5.7
Eswatini,2015,5
Eswatini,2016,7.8
Eswatini,2017,6.2
Eswatini,2018,4.8
Eswatini,2019,2.6
Eswatini,2020,3.9
Eswatini,2021,3.7
Eswatini,2022,4.8
Eswatini,2023,5.5
Eswatini,2024,5
Ethiopia,2002,1.7
Ethiopia,2003,17.8
Ethiopia,2004,3.2
Ethiopia,2005,11.7
Ethiopia,2006,13.6
Ethiopia,2007,17.2
Ethiopia,2008,44.4
Ethiopia,2009,8.5
Ethiopia,2010,8.1
Ethiopia,2011,33.2
Ethiopia,2012,24.1
Ethiopia,2013,8.1
Ethiopia,2014,7.4
Ethiopia,2015,9.6
Ethiopia,2016,6.6
Ethiopia,2017,10.7
Ethiopia,2018,13.8
Ethiopia,2019,15.8
Ethiopia,2020,20.4
Ethiopia,2021,26.8
Ethiopia,2022,33.9
Ethiopia,2023,29.1
Ethiopia,2024,20.7
Fiji,2002,0.7
Fiji,2003,4.2
Fiji,2004,2.8
Fiji,2005,2.3
Fiji,2006,2.5
Fiji,2007,4.8
Fiji,2008,7.7
Fiji,2009,3.7
Fiji,2010,3.7
Fiji,2011,7.3
Fiji,2012,3.4
Fiji,2013,2.9
Fiji,2014,0.5
Fiji,2015,1.4
Fiji,2016,3.9
Fiji,2017,3.3
Fiji,2018,4.1
Fiji,2019,1.8
Fiji,2020,-2.6
Fiji,2021,0.2
Fiji,2022,4.3
Fiji,2023,3
Fiji,2024,3.5
Finland,2002,2
Finland,2003,1.3
Finland,2004,0.1
Finland,2005,0.8
Finland,2006,1.3
Finland,2007,1.6
Finland,2008,3.9
Finland,2009,1.6
Finland,2010,1.7
Finland,2011,3.3
Finland,2012,3.2
Finland,2013,2.2
Finland,2014,1.2
Finland,2015,-0.2
Finland,2016,0.4
Finland,2017,0.8
Finland,2018,1.2
Finland,2019,1.1
Finland,2020,0.4
Finland,2021,2.1
Finland,2022,7.2
Finland,2023,4.5
Finland,2024,1.9
France,2002,1.9
France,2003,2.2
France,2004,2.3
France,2005,1.9
France,2006,1.9
France,2007,1.6
France,2008,3.2
France,2009,0.1
France,2010,1.7
France,2011,2.3
France,2012,2.2
France,2013,1
France,2014,0.6
France,2015,0.1
France,2016,0.3
France,2017,1.2
France,2018,2.1
France,2019,1.3
France,2020,0.5
France,2021,2.1
France,2022,5.9
France,2023,5.6
France,2024,2.5
Gabon,2002,0.2
Gabon,2003,2.1
Gabon,2004,0.4
Gabon,2005,1.2
Gabon,2006,-1.4
Gabon,2007,-1
Gabon,2008,5.3
Gabon,2009,1.9
Gabon,2010,1.4
Gabon,2011,1.3
Gabon,2012,2.7
Gabon,2013,0.5
Gabon,2014,4.5
Gabon,2015,-0.1
Gabon,2016,2.1
Gabon,2017,2.7
Gabon,2018,4.8
Gabon,2019,2
Gabon,2020,1.7
Gabon,2021,1.1
Gabon,2022,4.3
Gabon,2023,3.8
Gabon,2024,2.5
Gambia,2002,8.6
Gambia,2003,17
Gambia,2004,14.3
Gambia,2005,5
Gambia,2006,2.1
Gambia,2007,5.4
Gambia,2008,4.5
Gambia,2009,4.6
Gambia,2010,5
Gambia,2011,4.8
Gambia,2012,4.6
Gambia,2013,5.2
Gambia,2014,6.3
Gambia,2015,6.8
Gambia,2016,7.2
Gambia,2017,8
Gambia,2018,6.5
Gambia,2019,7.1
Gambia,2020,5.9
Gambia,2021,7.4
Gambia,2022,11.5
Gambia,2023,17
Gambia,2024,12.3
Georgia,2002,5.6
Georgia,2003,4.8
Georgia,2004,5.7
Georgia,2005,8.2
Georgia,2006,9.2
Georgia,2007,9.2
Georgia,2008,10
Georgia,2009,1.7
Georgia,2010,7.1
Georgia,2011,8.5
Georgia,2012,-0.9
Georgia,2013,-0.5
Georgia,2014,3.1
Georgia,2015,4
Georgia,2016,2.1
Georgia,2017,6
Georgia,2018,2.6
Georgia,2019,4.9
Georgia,2020,5.2
Georgia,2021,9.6
Georgia,2022,11.9
Georgia,2023,2.4
Georgia,2024,2.7
Germany,2002,1.3
Germany,2003,1.1
Germany,2004,1.8
Germany,2005,1.9
Germany,2006,1.8
Germany,2007,2.3
Germany,2008,2.8
Germany,2009,0.2
Germany,2010,1.1
Germany,2011,2.5
Germany,2012,2.2
Germany,2013,1.6
Germany,2014,0.8
Germany,2015,0.7
Germany,2016,0.4
Germany,2017,1.7
Germany,2018,1.9
Germany,2019,1.4
Germany,2020,0.4
Germany,2021,3.2
Germany,2022,8.7
Germany,2023,6.3
Germany,2024,3.5
Ghana,2002,14.8
Ghana,2003,26.6
Ghana,2004,12.7
Ghana,2005,15.1
Ghana,2006,11.7
Ghana,2007,10.7
Ghana,2008,16.5
Ghana,2009,13.1
Ghana,2010,6.7
Ghana,2011,7.7
Ghana,2012,7.1
Ghana,2013,11.7
Ghana,2014,15.5
Ghana,2015,17.2
Ghana,2016,17.5
Ghana,2017,12.4
Ghana,2018,9.8
Ghana,2019,7.1
Ghana,2020,9.9
Ghana,2021,10
Ghana,2022,31.9
Ghana,2023,42.2
Ghana,2024,23.2
Greece,2002,3.9
Greece,2003,3.4
Greece,2004,3
Greece,2005,3.5
Greece,2006,3.3
Greece,2007,3
Greece,2008,4.2
Greece,2009,1.3
Greece,2010,4.7
Greece,2011,3.1
Greece,2012,1
Greece,2013,-0.9
Greece,2014,-1.4
Greece,2015,-1.1
Greece,2016,0
Greece,2017,1.1
Greece,2018,0.8
Greece,2019,0.5
Greece,2020,-1.3
Greece,2021,0.6
Greece,2022,9.3
Greece,2023,4.1
Greece,2024,2.8
Grenada,2002,1.1
Grenada,2003,2.2
Grenada,2004,2.3
Grenada,2005,3.5
Grenada,2006,4.3
Grenada,2007,3.9
Grenada,2008,8
Grenada,2009,-0.3
Grenada,2010,3.4
Grenada,2011,3
Grenada,2012,2.4
Grenada,2013,0
Grenada,2014,-1
Grenada,2015,-0.6
Grenada,2016,1.7
Grenada,2017,0.9
Grenada,2018,0.8
Grenada,2019,0.6
Grenada,2020,-0.7
Grenada,2021,1.2
Grenada,2022,2.6
Grenada,2023,3.6
Grenada,2024,2.5
Guatemala,2002,8.1
Guatemala,2003,5.6
Guatemala,2004,7.6
Guatemala,2005,9.1
Guatemala,2006,6.6
Guatemala,2007,6.8
Guatemala,2008,11.4
Guatemala,2009,1.9
Guatemala,2010,3.9
Guatemala,2011,6.2
Guatemala,2012,3.8
Guatemala,2013,4.3
Guatemala,2014,3.4
Guatemala,2015,2.4
Guatemala,2016,4.4
Guatemala,2017,4.4
Guatemala,2018,3.8
Guatemala,2019,3.7
Guatemala,2020,3.2
Guatemala,2021,4.3
Guatemala,2022,6.9
Guatemala,2023,6.3
Guatemala,2024,5.5
Guinea,2002,3
Guinea,2003,11
Guinea,2004,17.5
Guinea,2005,31.4
Guinea,2006,34.7
Guinea,2007,22.9
Guinea,2008,18.4
Guinea,2009,4.7
Guinea,2010,15.5
Guinea,2011,21.4
Guinea,2012,15.2
Guinea,2013,11.9
Guinea,2014,9.7
Guinea,2015,8.2
Guinea,2016,8.2
Guinea,2017,8.9
Guinea,2018,9.8
Guinea,2019,9.5
Guinea,2020,10.6
Guinea,2021,12.6
Guinea,2022,10.5
Guinea,2023,8.3
Guinea,2024,7.9
Guinea-Bissau,2002,3.3
Guinea-Bissau,2003,-3.5
Guinea-Bissau,2004,0.8
Guinea-Bissau,2005,3.4
Guinea-Bissau,2006,2
Guinea-Bissau,2007,4.6
Guinea-Bissau,2008,10.4
Guinea-Bissau,2009,-1.6
Guinea-Bissau,2010,1.1
Guinea-Bissau,2011,5.1
Guinea-Bissau,2012,2.1
Guinea-Bissau,2013,0.8
Guinea-Bissau,2014,-1
Guinea-Bissau,2015,1.5
Guinea-Bissau,2016,2.7
Guinea-Bissau,2017,-0.2
Guinea-Bissau,2018,0.4
Guinea-Bissau,2019,0.3
Guinea-Bissau,2020,1.5
Guinea-Bissau,2021,3.3
Guinea-Bissau,2022,7.9
Guinea-Bissau,2023,7
Guinea-Bissau,2024,3
Guyana,2002,5.4
Guyana,2003,6
Guyana,2004,4.7
Guyana,2005,6.9
Guyana,2006,6.7
Guyana,2007,12.2
Guyana,2008,8.1
Guyana,2009,3
Guyana,2010,4.3
Guyana,2011,4.4
Guyana,2012,2.4
Guyana,2013,1.9
Guyana,2014,0.7
Guyana,2015,-0.9
Guyana,2016,0.8
Guyana,2017,1.9
Guyana,2018,1.3
Guyana,2019,2.1
Guyana,2020,1.2
Guyana,2021,3.3
Guyana,2022,6.5
Guyana,2023,5.5
Guyana,2024,4.7
Haiti,2002,6.6
Haiti,2003,22.2
Haiti,2004,25.7
Haiti,2005,14.1
Haiti,2006,13
Haiti,2007,6.9
Haiti,2008,12.5
Haiti,2009,5.6
Haiti,2010,2.9
Haiti,2011,5.2
Haiti,2012,5.7
Haiti,2013,5.3
Haiti,2014,3.2
Haiti,2015,5.3
Haiti,2016,11.4
Haiti,2017,10.6
Haiti,2018,11.4
Haiti,2019,17.3
Haiti,2020,22.9
Haiti,2021,15.9
Haiti,2022,27.6
Haiti,2023,43.6
Haiti,2024,13.4
Honduras,2002,7.7
Honduras,2003,7.7
Honduras,2004,8.1
Honduras,2005,8.8
Honduras,2006,5.6
Honduras,2007,6.9
Honduras,2008,11.4
Honduras,2009,5.5
Honduras,2010,4.7
Honduras,2011,6.8
Honduras,2012,5.2
Honduras,2013,5.2
Honduras,2014,6.1
Honduras,2015,3.2
Honduras,2016,2.7
Honduras,2017,3.9
Honduras,2018,4.3
Honduras,2019,4.4
Honduras,2020,3.5
Honduras,2021,4.5
Honduras,2022,9.1
Honduras,2023,6.4
Honduras,2024,4.7
Hong Kong ,2002,-3
Hong Kong ,2003,-2.6
Hong Kong ,2004,-0.4
Hong Kong ,2005,0.9
Hong Kong ,2006,2
Hong Kong ,2007,2
Hong Kong ,2008,4.3
Hong Kong ,2009,0.6
Hong Kong ,2010,2.3
Hong Kong ,2011,5.3
Hong Kong ,2012,4.1
Hong Kong ,2013,4.3
Hong Kong ,2014,4.4
Hong Kong ,2015,3
Hong Kong ,2016,2.4
Hong Kong ,2017,1.5
Hong Kong ,2018,2.4
Hong Kong ,2019,2.9
Hong Kong ,2020,0.3
Hong Kong ,2021,1.6
Hong Kong ,2022,1.9
Hong Kong ,2023,2.2
Hong Kong ,2024,2.3
Hungary,2002,5.3
Hungary,2003,4.7
Hungary,2004,6.7
Hungary,2005,3.6
Hungary,2006,3.9
Hungary,2007,8
Hungary,2008,6.1
Hungary,2009,4.2
Hungary,2010,4.9
Hungary,2011,3.9
Hungary,2012,5.7
Hungary,2013,1.7
Hungary,2014,-0.2
Hungary,2015,-0.1
Hungary,2016,0.4
Hungary,2017,2.4
Hungary,2018,2.8
Hungary,2019,3.4
Hungary,2020,3.3
Hungary,2021,5.1
Hungary,2022,14.5
Hungary,2023,17.7
Hungary,2024,6.6
Iceland,2002,5.2
Iceland,2003,2.1
Iceland,2004,3.2
Iceland,2005,4
Iceland,2006,6.7
Iceland,2007,5.1
Iceland,2008,12.7
Iceland,2009,12
Iceland,2010,5.4
Iceland,2011,4
Iceland,2012,5.2
Iceland,2013,3.9
Iceland,2014,2
Iceland,2015,1.6
Iceland,2016,1.7
Iceland,2017,1.8
Iceland,2018,2.7
Iceland,2019,3
Iceland,2020,2.8
Iceland,2021,4.5
Iceland,2022,8.3
Iceland,2023,8.6
Iceland,2024,4.5
India,2002,4
India,2003,3.9
India,2004,3.8
India,2005,4.4
India,2006,6.7
India,2007,6.2
India,2008,9.1
India,2009,12.3
India,2010,10.5
India,2011,9.5
India,2012,10
India,2013,9.4
India,2014,5.8
India,2015,4.9
India,2016,4.5
India,2017,3.6
India,2018,3.4
India,2019,4.8
India,2020,6.2
India,2021,5.5
India,2022,6.7
India,2023,5.5
India,2024,4.6
Indonesia,2002,11.9
Indonesia,2003,6.8
Indonesia,2004,6.1
Indonesia,2005,10.5
Indonesia,2006,13.1
Indonesia,2007,6.3
Indonesia,2008,9.9
Indonesia,2009,4.8
Indonesia,2010,5.1
Indonesia,2011,5.3
Indonesia,2012,4
Indonesia,2013,6.4
Indonesia,2014,6.4
Indonesia,2015,6.4
Indonesia,2016,3.5
Indonesia,2017,3.8
Indonesia,2018,3.3
Indonesia,2019,2.8
Indonesia,2020,2
Indonesia,2021,1.6
Indonesia,2022,4.2
Indonesia,2023,3.6
Indonesia,2024,2.5
Iran,2002,15.8
Iran,2003,15.6
Iran,2004,15.3
Iran,2005,10.3
Iran,2006,12
Iran,2007,18.4
Iran,2008,25.3
Iran,2009,10.8
Iran,2010,12.3
Iran,2011,21.5
Iran,2012,30.6
Iran,2013,34.7
Iran,2014,15.6
Iran,2015,11.9
Iran,2016,9.1
Iran,2017,9.6
Iran,2018,30.2
Iran,2019,34.7
Iran,2020,36.4
Iran,2021,40.2
Iran,2022,45.8
Iran,2023,47
Iran,2024,32.5
Iraq,2002,NA
Iraq,2003,NA
Iraq,2004,NA
Iraq,2005,37
Iraq,2006,53.2
Iraq,2007,30.8
Iraq,2008,2.7
Iraq,2009,-2.2
Iraq,2010,2.4
Iraq,2011,5.6
Iraq,2012,6.1
Iraq,2013,1.9
Iraq,2014,2.2
Iraq,2015,1.4
Iraq,2016,0.5
Iraq,2017,0.2
Iraq,2018,0.4
Iraq,2019,-0.2
Iraq,2020,0.6
Iraq,2021,6
Iraq,2022,5
Iraq,2023,5.3
Iraq,2024,3.6
Ireland,2002,4.7
Ireland,2003,4
Ireland,2004,2.3
Ireland,2005,2.2
Ireland,2006,2.7
Ireland,2007,2.9
Ireland,2008,3.1
Ireland,2009,-1.7
Ireland,2010,-1.6
Ireland,2011,1.2
Ireland,2012,1.9
Ireland,2013,0.5
Ireland,2014,0.3
Ireland,2015,0
Ireland,2016,-0.2
Ireland,2017,0.3
Ireland,2018,0.7
Ireland,2019,0.9
Ireland,2020,-0.5
Ireland,2021,2.4
Ireland,2022,8.1
Ireland,2023,5.2
Ireland,2024,3
Israel,2002,5.7
Israel,2003,0.7
Israel,2004,-0.4
Israel,2005,1.3
Israel,2006,2.1
Israel,2007,0.5
Israel,2008,4.6
Israel,2009,3.3
Israel,2010,2.7
Israel,2011,3.5
Israel,2012,1.7
Israel,2013,1.5
Israel,2014,0.5
Israel,2015,-0.6
Israel,2016,-0.5
Israel,2017,0.2
Israel,2018,0.8
Israel,2019,0.8
Israel,2020,-0.6
Israel,2021,1.5
Israel,2022,4.4
Israel,2023,4.3
Israel,2024,3
Italy,2002,2.6
Italy,2003,2.8
Italy,2004,2.3
Italy,2005,2.2
Italy,2006,2.2
Italy,2007,2
Italy,2008,3.5
Italy,2009,0.8
Italy,2010,1.6
Italy,2011,2.9
Italy,2012,3.3
Italy,2013,1.2
Italy,2014,0.2
Italy,2015,0.1
Italy,2016,-0.1
Italy,2017,1.3
Italy,2018,1.2
Italy,2019,0.6
Italy,2020,-0.1
Italy,2021,1.9
Italy,2022,8.7
Italy,2023,6
Italy,2024,2.6
Ivory Coast,2002,3.3
Ivory Coast,2003,3.7
Ivory Coast,2004,2.5
Ivory Coast,2005,3.4
Ivory Coast,2006,3.6
Ivory Coast,2007,5.4
Ivory Coast,2008,9
Ivory Coast,2009,-2.1
Ivory Coast,2010,2.1
Ivory Coast,2011,4.4
Ivory Coast,2012,0.6
Ivory Coast,2013,-2.4
Ivory Coast,2014,0.4
Ivory Coast,2015,0.5
Ivory Coast,2016,-0.9
Ivory Coast,2017,-1
Ivory Coast,2018,3.6
Ivory Coast,2019,3.9
Ivory Coast,2020,-1.3
Ivory Coast,2021,0.7
Ivory Coast,2022,5.5
Ivory Coast,2023,4.5
Ivory Coast,2024,2.3
Jamaica,2002,7
Jamaica,2003,10.1
Jamaica,2004,13.5
Jamaica,2005,15.1
Jamaica,2006,8.5
Jamaica,2007,9.3
Jamaica,2008,22
Jamaica,2009,9.6
Jamaica,2010,12.6
Jamaica,2011,7.5
Jamaica,2012,6.9
Jamaica,2013,9.4
Jamaica,2014,8.3
Jamaica,2015,3.7
Jamaica,2016,2.3
Jamaica,2017,4.4
Jamaica,2018,3.7
Jamaica,2019,3.9
Jamaica,2020,5.2
Jamaica,2021,5.9
Jamaica,2022,10.3
Jamaica,2023,6.5
Jamaica,2024,5
Japan,2002,-0.9
Japan,2003,-0.3
Japan,2004,0
Japan,2005,-0.3
Japan,2006,0.3
Japan,2007,0
Japan,2008,1.4
Japan,2009,-1.3
Japan,2010,-0.7
Japan,2011,-0.3
Japan,2012,0
Japan,2013,0.3
Japan,2014,2.8
Japan,2015,0.8
Japan,2016,-0.1
Japan,2017,0.5
Japan,2018,1
Japan,2019,0.5
Japan,2020,0
Japan,2021,-0.2
Japan,2022,2.5
Japan,2023,3.2
Japan,2024,2.9
Jordan,2002,1.8
Jordan,2003,1.6
Jordan,2004,3.4
Jordan,2005,3.5
Jordan,2006,6.3
Jordan,2007,4.3
Jordan,2008,12.7
Jordan,2009,-1.3
Jordan,2010,4.9
Jordan,2011,4.2
Jordan,2012,4.6
Jordan,2013,4.9
Jordan,2014,3
Jordan,2015,-1.1
Jordan,2016,-0.6
Jordan,2017,3.6
Jordan,2018,4.5
Jordan,2019,0.7
Jordan,2020,0.4
Jordan,2021,1.3
Jordan,2022,4.2
Jordan,2023,2.7
Jordan,2024,2.6
Kazakhstan,2002,5.9
Kazakhstan,2003,6.4
Kazakhstan,2004,6.9
Kazakhstan,2005,7.5
Kazakhstan,2006,8.6
Kazakhstan,2007,10.8
Kazakhstan,2008,17.1
Kazakhstan,2009,7.3
Kazakhstan,2010,7.1
Kazakhstan,2011,8.4
Kazakhstan,2012,5.1
Kazakhstan,2013,5.8
Kazakhstan,2014,6.7
Kazakhstan,2015,6.7
Kazakhstan,2016,14.6
Kazakhstan,2017,7.4
Kazakhstan,2018,6
Kazakhstan,2019,5.2
Kazakhstan,2020,6.8
Kazakhstan,2021,8
Kazakhstan,2022,15
Kazakhstan,2023,15
Kazakhstan,2024,9
Kenya,2002,2
Kenya,2003,9.8
Kenya,2004,11.8
Kenya,2005,9.9
Kenya,2006,6
Kenya,2007,4.3
Kenya,2008,15.1
Kenya,2009,10.5
Kenya,2010,4.1
Kenya,2011,14
Kenya,2012,9.4
Kenya,2013,5.7
Kenya,2014,6.9
Kenya,2015,6.6
Kenya,2016,6.3
Kenya,2017,8
Kenya,2018,4.7
Kenya,2019,5.2
Kenya,2020,5.3
Kenya,2021,6.1
Kenya,2022,7.6
Kenya,2023,7.7
Kenya,2024,6.6
Kuwait,2002,3.2
Kuwait,2003,1.6
Kuwait,2004,-0.7
Kuwait,2005,-0.4
Kuwait,2006,-1
Kuwait,2007,3.6
Kuwait,2008,13.7
Kuwait,2009,9.8
Kuwait,2010,-3.9
Kuwait,2011,1.5
Kuwait,2012,-3
Kuwait,2013,-1.5
Kuwait,2014,2.1
Kuwait,2015,0.6
Kuwait,2016,1.9
Kuwait,2017,0.4
Kuwait,2018,0.6
Kuwait,2019,-1.8
Kuwait,2020,2.6
Kuwait,2021,2.1
Kuwait,2022,5.3
Kuwait,2023,9
Kuwait,2024,3.5
Kyrgyzstan,2002,NA
Kyrgyzstan,2003,NA
Kyrgyzstan,2004,NA
Kyrgyzstan,2005,NA
Kyrgyzstan,2006,NA
Kyrgyzstan,2007,NA
Kyrgyzstan,2008,NA
Kyrgyzstan,2009,NA
Kyrgyzstan,2010,NA
Kyrgyzstan,2011,NA
Kyrgyzstan,2012,NA
Kyrgyzstan,2013,NA
Kyrgyzstan,2014,2.9
Kyrgyzstan,2015,3.3
Kyrgyzstan,2016,2.9
Kyrgyzstan,2017,1.6
Kyrgyzstan,2018,0.6
Kyrgyzstan,2019,1.1
Kyrgyzstan,2020,2.1
Kyrgyzstan,2021,3.4
Kyrgyzstan,2022,4
Kyrgyzstan,2023,3.4
Kyrgyzstan,2024,3.1
Kosovo,2002,2.1
Kosovo,2003,3
Kosovo,2004,4.1
Kosovo,2005,4.3
Kosovo,2006,5.6
Kosovo,2007,10.2
Kosovo,2008,24.5
Kosovo,2009,6.8
Kosovo,2010,8
Kosovo,2011,16.6
Kosovo,2012,2.8
Kosovo,2013,6.6
Kosovo,2014,7.5
Kosovo,2015,6.5
Kosovo,2016,0.4
Kosovo,2017,3.2
Kosovo,2018,1.5
Kosovo,2019,1.1
Kosovo,2020,6.3
Kosovo,2021,11.9
Kosovo,2022,13.9
Kosovo,2023,11.7
Kosovo,2024,8.6
Laos,2002,10.6
Laos,2003,15.5
Laos,2004,10.5
Laos,2005,7.2
Laos,2006,6.5
Laos,2007,4.7
Laos,2008,7.6
Laos,2009,0.1
Laos,2010,6
Laos,2011,7.6
Laos,2012,4.3
Laos,2013,6.4
Laos,2014,4.1
Laos,2015,1.3
Laos,2016,1.6
Laos,2017,0.8
Laos,2018,2
Laos,2019,3.3
Laos,2020,5.1
Laos,2021,3.8
Laos,2022,23
Laos,2023,28.1
Laos,2024,9
Latvia,2002,2
Latvia,2003,2.9
Latvia,2004,6.2
Latvia,2005,6.9
Latvia,2006,6.6
Latvia,2007,10.1
Latvia,2008,15.3
Latvia,2009,3.3
Latvia,2010,-1.2
Latvia,2011,4.2
Latvia,2012,2.3
Latvia,2013,0
Latvia,2014,0.7
Latvia,2015,0.2
Latvia,2016,0.1
Latvia,2017,2.9
Latvia,2018,2.6
Latvia,2019,2.7
Latvia,2020,0.1
Latvia,2021,3.2
Latvia,2022,17.2
Latvia,2023,9.9
Latvia,2024,4.2
Lebanon,2002,1.8
Lebanon,2003,1.3
Lebanon,2004,1.7
Lebanon,2005,-1.4
Lebanon,2006,4.1
Lebanon,2007,4.1
Lebanon,2008,10.7
Lebanon,2009,1.2
Lebanon,2010,4
Lebanon,2011,5
Lebanon,2012,6.6
Lebanon,2013,5.6
Lebanon,2014,1.1
Lebanon,2015,-3.8
Lebanon,2016,-0.8
Lebanon,2017,4.5
Lebanon,2018,6.1
Lebanon,2019,2.9
Lebanon,2020,84.9
Lebanon,2021,154.8
Lebanon,2022,171.2
Lebanon,2023,NA
Lebanon,2024,NA
Lesotho,2002,12.6
Lesotho,2003,7.2
Lesotho,2004,5
Lesotho,2005,3.4
Lesotho,2006,6.1
Lesotho,2007,8
Lesotho,2008,10.7
Lesotho,2009,7.4
Lesotho,2010,3.5
Lesotho,2011,5
Lesotho,2012,6.1
Lesotho,2013,4.9
Lesotho,2014,5.4
Lesotho,2015,3.2
Lesotho,2016,6.6
Lesotho,2017,4.4
Lesotho,2018,4.8
Lesotho,2019,5.2
Lesotho,2020,5
Lesotho,2021,6
Lesotho,2022,8.2
Lesotho,2023,6.9
Lesotho,2024,5.6
Liberia,2002,14.2
Liberia,2003,10.3
Liberia,2004,3.6
Liberia,2005,6.9
Liberia,2006,9.5
Liberia,2007,11.4
Liberia,2008,17.5
Liberia,2009,7.4
Liberia,2010,7.3
Liberia,2011,8.5
Liberia,2012,6.8
Liberia,2013,7.6
Liberia,2014,9.9
Liberia,2015,7.7
Liberia,2016,8.8
Liberia,2017,12.4
Liberia,2018,23.5
Liberia,2019,27
Liberia,2020,17
Liberia,2021,7.8
Liberia,2022,7.6
Liberia,2023,10.6
Liberia,2024,8
Libya,2002,-9.9
Libya,2003,-2.1
Libya,2004,1.3
Libya,2005,2.7
Libya,2006,1.5
Libya,2007,6.2
Libya,2008,10.4
Libya,2009,2.4
Libya,2010,2.5
Libya,2011,15.9
Libya,2012,6.1
Libya,2013,2.6
Libya,2014,2.4
Libya,2015,10
Libya,2016,25.9
Libya,2017,25.9
Libya,2018,14
Libya,2019,-2.9
Libya,2020,1.5
Libya,2021,2.9
Libya,2022,4.5
Libya,2023,3.4
Libya,2024,2.9
Liechtenstein,2002,2.7
Liechtenstein,2003,1.2
Liechtenstein,2004,-1.1
Liechtenstein,2005,-1.4
Liechtenstein,2006,0.6
Liechtenstein,2007,4.3
Liechtenstein,2008,9.3
Liechtenstein,2009,-2.4
Liechtenstein,2010,3.5
Liechtenstein,2011,7.3
Liechtenstein,2012,2.5
Liechtenstein,2013,1.8
Liechtenstein,2014,0.4
Liechtenstein,2015,-0.5
Liechtenstein,2016,0.2
Liechtenstein,2017,1.5
Liechtenstein,2018,1.1
Liechtenstein,2019,2.7
Liechtenstein,2020,0.2
Liechtenstein,2021,3.3
Liechtenstein,2022,11.7
Liechtenstein,2023,4.7
Liechtenstein,2024,3.1
Lithuania,2002,0.3
Lithuania,2003,-1.1
Lithuania,2004,1.2
Lithuania,2005,2.7
Lithuania,2006,3.8
Lithuania,2007,5.8
Lithuania,2008,11.1
Lithuania,2009,4.2
Lithuania,2010,1.2
Lithuania,2011,4.1
Lithuania,2012,3.2
Lithuania,2013,1.2
Lithuania,2014,0.2
Lithuania,2015,-0.7
Lithuania,2016,0.7
Lithuania,2017,3.7
Lithuania,2018,2.5
Lithuania,2019,2.2
Lithuania,2020,1.1
Lithuania,2021,4.6
Lithuania,2022,18.9
Lithuania,2023,9.3
Lithuania,2024,3.9
Luxembourg,2002,2.1
Luxembourg,2003,2.5
Luxembourg,2004,3.2
Luxembourg,2005,3.8
Luxembourg,2006,3
Luxembourg,2007,2.7
Luxembourg,2008,4.1
Luxembourg,2009,0
Luxembourg,2010,2.8
Luxembourg,2011,3.7
Luxembourg,2012,2.9
Luxembourg,2013,1.7
Luxembourg,2014,0.7
Luxembourg,2015,0.1
Luxembourg,2016,0
Luxembourg,2017,2.1
Luxembourg,2018,2
Luxembourg,2019,1.7
Luxembourg,2020,0
Luxembourg,2021,3.5
Luxembourg,2022,8.1
Luxembourg,2023,3.2
Luxembourg,2024,3.3
Madagascar,2002,16.5
Madagascar,2003,-1.7
Madagascar,2004,14
Madagascar,2005,18.4
Madagascar,2006,10.8
Madagascar,2007,10.3
Madagascar,2008,9.3
Madagascar,2009,9
Madagascar,2010,9.2
Madagascar,2011,9.5
Madagascar,2012,5.7
Madagascar,2013,5.8
Madagascar,2014,6.1
Madagascar,2015,7.4
Madagascar,2016,6.1
Madagascar,2017,8.6
Madagascar,2018,8.6
Madagascar,2019,5.6
Madagascar,2020,4.2
Madagascar,2021,5.8
Madagascar,2022,8.2
Madagascar,2023,10.5
Madagascar,2024,8.8
Malawi,2002,14.7
Malawi,2003,9.6
Malawi,2004,11.4
Malawi,2005,15.5
Malawi,2006,13.9
Malawi,2007,7.9
Malawi,2008,8.7
Malawi,2009,8.4
Malawi,2010,7.4
Malawi,2011,7.6
Malawi,2012,21.3
Malawi,2013,28.3
Malawi,2014,23.8
Malawi,2015,21.9
Malawi,2016,21.7
Malawi,2017,11.5
Malawi,2018,9.2
Malawi,2019,9.4
Malawi,2020,8.6
Malawi,2021,9.3
Malawi,2022,20.8
Malawi,2023,27.7
Malawi,2024,19.8
Malaysia,2002,1.8
Malaysia,2003,1.1
Malaysia,2004,1.4
Malaysia,2005,3
Malaysia,2006,3.6
Malaysia,2007,2
Malaysia,2008,5.4
Malaysia,2009,0.6
Malaysia,2010,1.7
Malaysia,2011,3.2
Malaysia,2012,1.7
Malaysia,2013,2.1
Malaysia,2014,3.1
Malaysia,2015,2.1
Malaysia,2016,2.1
Malaysia,2017,3.8
Malaysia,2018,1
Malaysia,2019,0.7
Malaysia,2020,-1.1
Malaysia,2021,2.5
Malaysia,2022,3.4
Malaysia,2023,2.9
Malaysia,2024,2.7
Maldives,2002,0.9
Maldives,2003,-2.8
Maldives,2004,6.3
Maldives,2005,2.5
Maldives,2006,3.5
Maldives,2007,6.8
Maldives,2008,12
Maldives,2009,4.5
Maldives,2010,6.1
Maldives,2011,11.3
Maldives,2012,10.9
Maldives,2013,4
Maldives,2014,2.4
Maldives,2015,1.4
Maldives,2016,0.8
Maldives,2017,2.3
Maldives,2018,1.4
Maldives,2019,1.3
Maldives,2020,-1.6
Maldives,2021,0.2
Maldives,2022,2.6
Maldives,2023,3.5
Maldives,2024,2.8
Mali,2002,5
Mali,2003,-1.3
Mali,2004,-3.1
Mali,2005,6.4
Mali,2006,1.6
Mali,2007,1.4
Mali,2008,9.2
Mali,2009,2.4
Mali,2010,1.2
Mali,2011,3
Mali,2012,5.3
Mali,2013,-0.6
Mali,2014,0.9
Mali,2015,1.4
Mali,2016,-1.8
Mali,2017,2.4
Mali,2018,1.9
Mali,2019,-3
Mali,2020,0.5
Mali,2021,3.8
Mali,2022,9.7
Mali,2023,5
Mali,2024,2.8
Malta,2002,2.6
Malta,2003,1.9
Malta,2004,2.7
Malta,2005,2.5
Malta,2006,2.6
Malta,2007,0.7
Malta,2008,4.7
Malta,2009,1.8
Malta,2010,2
Malta,2011,2.5
Malta,2012,3.2
Malta,2013,1
Malta,2014,0.8
Malta,2015,1.2
Malta,2016,0.9
Malta,2017,1.3
Malta,2018,1.7
Malta,2019,1.5
Malta,2020,0.8
Malta,2021,0.7
Malta,2022,6.1
Malta,2023,5.8
Malta,2024,3.1
Marshall Islands,2002,NA
Marshall Islands,2003,NA
Marshall Islands,2004,2
Marshall Islands,2005,3.5
Marshall Islands,2006,5.3
Marshall Islands,2007,2.6
Marshall Islands,2008,14.7
Marshall Islands,2009,0.5
Marshall Islands,2010,1.8
Marshall Islands,2011,5.4
Marshall Islands,2012,4.3
Marshall Islands,2013,1.9
Marshall Islands,2014,1.1
Marshall Islands,2015,-2.2
Marshall Islands,2016,-1.5
Marshall Islands,2017,0.1
Marshall Islands,2018,0.8
Marshall Islands,2019,-0.1
Marshall Islands,2020,-0.7
Marshall Islands,2021,2.2
Marshall Islands,2022,3.2
Marshall Islands,2023,5.2
Marshall Islands,2024,2.8
Mauritania,2002,3.9
Mauritania,2003,5.2
Mauritania,2004,10.4
Mauritania,2005,12.1
Mauritania,2006,6.2
Mauritania,2007,7.3
Mauritania,2008,7.5
Mauritania,2009,2.1
Mauritania,2010,6.3
Mauritania,2011,5.7
Mauritania,2012,4.9
Mauritania,2013,4.1
Mauritania,2014,3.8
Mauritania,2015,0.5
Mauritania,2016,1.5
Mauritania,2017,2.3
Mauritania,2018,3.1
Mauritania,2019,2.3
Mauritania,2020,2.4
Mauritania,2021,3.6
Mauritania,2022,9.6
Mauritania,2023,7.5
Mauritania,2024,4
Mauritius,2002,6.4
Mauritius,2003,2.7
Mauritius,2004,4.7
Mauritius,2005,4.9
Mauritius,2006,8.9
Mauritius,2007,8.8
Mauritius,2008,9.7
Mauritius,2009,2.5
Mauritius,2010,2.9
Mauritius,2011,6.5
Mauritius,2012,3.9
Mauritius,2013,3.5
Mauritius,2014,3.2
Mauritius,2015,1.3
Mauritius,2016,1
Mauritius,2017,3.7
Mauritius,2018,3.2
Mauritius,2019,0.5
Mauritius,2020,2.5
Mauritius,2021,4
Mauritius,2022,10.8
Mauritius,2023,7.8
Mauritius,2024,6.5
Mexico,2002,5
Mexico,2003,4.6
Mexico,2004,4.7
Mexico,2005,4
Mexico,2006,3.6
Mexico,2007,4
Mexico,2008,5.1
Mexico,2009,5.3
Mexico,2010,4.2
Mexico,2011,3.4
Mexico,2012,4.1
Mexico,2013,3.8
Mexico,2014,4
Mexico,2015,2.7
Mexico,2016,2.8
Mexico,2017,6
Mexico,2018,4.9
Mexico,2019,3.6
Mexico,2020,3.4
Mexico,2021,5.7
Mexico,2022,7.9
Mexico,2023,5.5
Mexico,2024,3.8
Micronesia,2002,-0.2
Micronesia,2003,-0.2
Micronesia,2004,1.7
Micronesia,2005,4.1
Micronesia,2006,4.4
Micronesia,2007,3.6
Micronesia,2008,6.6
Micronesia,2009,8.2
Micronesia,2010,3.6
Micronesia,2011,3.9
Micronesia,2012,6.3
Micronesia,2013,2.1
Micronesia,2014,0.7
Micronesia,2015,0
Micronesia,2016,-0.9
Micronesia,2017,0.1
Micronesia,2018,1
Micronesia,2019,2.2
Micronesia,2020,1
Micronesia,2021,1.8
Micronesia,2022,5
Micronesia,2023,5.3
Micronesia,2024,4.1
Moldova,2002,5.2
Moldova,2003,11.7
Moldova,2004,12.4
Moldova,2005,11.9
Moldova,2006,12.7
Moldova,2007,12.4
Moldova,2008,12.7
Moldova,2009,0
Moldova,2010,7.4
Moldova,2011,7.6
Moldova,2012,4.6
Moldova,2013,4.6
Moldova,2014,5.1
Moldova,2015,9.6
Moldova,2016,6.4
Moldova,2017,6.5
Moldova,2018,3.6
Moldova,2019,4.8
Moldova,2020,3.8
Moldova,2021,5.1
Moldova,2022,28.6
Moldova,2023,13.3
Moldova,2024,5
Mongolia,2002,1.1
Mongolia,2003,5.1
Mongolia,2004,8.2
Mongolia,2005,12.7
Mongolia,2006,4.3
Mongolia,2007,9.6
Mongolia,2008,28
Mongolia,2009,7.6
Mongolia,2010,8.3
Mongolia,2011,8.7
Mongolia,2012,13.9
Mongolia,2013,10.6
Mongolia,2014,12.9
Mongolia,2015,6.8
Mongolia,2016,0.7
Mongolia,2017,4.3
Mongolia,2018,6.8
Mongolia,2019,7.3
Mongolia,2020,3.7
Mongolia,2021,7.4
Mongolia,2022,15.2
Mongolia,2023,12.3
Mongolia,2024,12.2
Montenegro,2002,19.7
Montenegro,2003,7.5
Montenegro,2004,3.1
Montenegro,2005,3.4
Montenegro,2006,2.1
Montenegro,2007,3.4
Montenegro,2008,9
Montenegro,2009,3.6
Montenegro,2010,0.4
Montenegro,2011,3.5
Montenegro,2012,4.1
Montenegro,2013,2.2
Montenegro,2014,-0.7
Montenegro,2015,1.5
Montenegro,2016,-0.3
Montenegro,2017,2.4
Montenegro,2018,2.6
Montenegro,2019,0.4
Montenegro,2020,-0.2
Montenegro,2021,2.4
Montenegro,2022,13
Montenegro,2023,8.3
Montenegro,2024,4.3
Morocco,2002,2.8
Morocco,2003,1.1
Morocco,2004,1.5
Morocco,2005,1.1
Morocco,2006,3.2
Morocco,2007,2
Morocco,2008,3.8
Morocco,2009,1
Morocco,2010,0.9
Morocco,2011,0.8
Morocco,2012,0.8
Morocco,2013,1.6
Morocco,2014,0.4
Morocco,2015,1.4
Morocco,2016,1.5
Morocco,2017,0.7
Morocco,2018,1.6
Morocco,2019,0.2
Morocco,2020,0.7
Morocco,2021,1.4
Morocco,2022,6.6
Morocco,2023,6.3
Morocco,2024,3.5
Mozambique,2002,16.8
Mozambique,2003,13.5
Mozambique,2004,12.6
Mozambique,2005,6.4
Mozambique,2006,13.2
Mozambique,2007,10.4
Mozambique,2008,14.5
Mozambique,2009,3.8
Mozambique,2010,12.4
Mozambique,2011,11.2
Mozambique,2012,2.6
Mozambique,2013,4.3
Mozambique,2014,2.6
Mozambique,2015,3.6
Mozambique,2016,17.4
Mozambique,2017,15.1
Mozambique,2018,3.9
Mozambique,2019,2.8
Mozambique,2020,3.1
Mozambique,2021,5.7
Mozambique,2022,9.8
Mozambique,2023,7.4
Mozambique,2024,6.5
Myanmar,2002,21.9
Myanmar,2003,47.5
Myanmar,2004,8
Myanmar,2005,6.9
Myanmar,2006,16.6
Myanmar,2007,34.4
Myanmar,2008,20.9
Myanmar,2009,3.7
Myanmar,2010,5.9
Myanmar,2011,6.8
Myanmar,2012,0.4
Myanmar,2013,6.4
Myanmar,2014,5.7
Myanmar,2015,7.3
Myanmar,2016,9.1
Myanmar,2017,4.6
Myanmar,2018,5.9
Myanmar,2019,8.6
Myanmar,2020,5.7
Myanmar,2021,3.6
Myanmar,2022,16.2
Myanmar,2023,14.2
Myanmar,2024,7.8
Namibia,2002,12.7
Namibia,2003,7.2
Namibia,2004,4.1
Namibia,2005,2.3
Namibia,2006,5
Namibia,2007,6.5
Namibia,2008,9.1
Namibia,2009,9.5
Namibia,2010,4.9
Namibia,2011,5
Namibia,2012,6.7
Namibia,2013,5.6
Namibia,2014,5.3
Namibia,2015,3.4
Namibia,2016,6.7
Namibia,2017,6.1
Namibia,2018,4.3
Namibia,2019,3.7
Namibia,2020,2.2
Namibia,2021,3.6
Namibia,2022,6.1
Namibia,2023,6
Namibia,2024,4.9
Nauru,2002,NA
Nauru,2003,NA
Nauru,2004,NA
Nauru,2005,8.7
Nauru,2006,19.3
Nauru,2007,5.6
Nauru,2008,1
Nauru,2009,22.4
Nauru,2010,-2
Nauru,2011,-3.4
Nauru,2012,0.3
Nauru,2013,-1.1
Nauru,2014,0.3
Nauru,2015,9.8
Nauru,2016,8.2
Nauru,2017,5.1
Nauru,2018,-14.4
Nauru,2019,4.2
Nauru,2020,1
Nauru,2021,2
Nauru,2022,4.8
Nauru,2023,6.1
Nauru,2024,5
Nepal,2002,2.9
Nepal,2003,4.7
Nepal,2004,4
Nepal,2005,4.5
Nepal,2006,8
Nepal,2007,6.2
Nepal,2008,6.7
Nepal,2009,12.6
Nepal,2010,9.6
Nepal,2011,9.6
Nepal,2012,8.3
Nepal,2013,9.9
Nepal,2014,9
Nepal,2015,7.2
Nepal,2016,9.9
Nepal,2017,4.5
Nepal,2018,4.1
Nepal,2019,4.6
Nepal,2020,6.1
Nepal,2021,3.6
Nepal,2022,6.3
Nepal,2023,7.8
Nepal,2024,6.7
Netherlands,2002,3.9
Netherlands,2003,2.2
Netherlands,2004,1.4
Netherlands,2005,1.5
Netherlands,2006,1.7
Netherlands,2007,1.6
Netherlands,2008,2.2
Netherlands,2009,1
Netherlands,2010,0.9
Netherlands,2011,2.5
Netherlands,2012,2.8
Netherlands,2013,2.6
Netherlands,2014,0.3
Netherlands,2015,0.2
Netherlands,2016,0.1
Netherlands,2017,1.3
Netherlands,2018,1.6
Netherlands,2019,2.7
Netherlands,2020,1.1
Netherlands,2021,2.8
Netherlands,2022,11.6
Netherlands,2023,4
Netherlands,2024,4.2
New Zealand,2002,2.7
New Zealand,2003,1.8
New Zealand,2004,2.3
New Zealand,2005,3
New Zealand,2006,3.4
New Zealand,2007,2.4
New Zealand,2008,4
New Zealand,2009,2.1
New Zealand,2010,2.3
New Zealand,2011,4
New Zealand,2012,1.1
New Zealand,2013,1.1
New Zealand,2014,1.2
New Zealand,2015,0.3
New Zealand,2016,0.6
New Zealand,2017,1.9
New Zealand,2018,1.6
New Zealand,2019,1.6
New Zealand,2020,1.7
New Zealand,2021,3.9
New Zealand,2022,7.2
New Zealand,2023,4.9
New Zealand,2024,2.7
Nicaragua,2002,3.8
Nicaragua,2003,5.3
Nicaragua,2004,8.5
Nicaragua,2005,9.6
Nicaragua,2006,9.1
Nicaragua,2007,11.1
Nicaragua,2008,19.8
Nicaragua,2009,3.7
Nicaragua,2010,5.5
Nicaragua,2011,8.1
Nicaragua,2012,7.2
Nicaragua,2013,7.1
Nicaragua,2014,6
Nicaragua,2015,4
Nicaragua,2016,3.5
Nicaragua,2017,3.9
Nicaragua,2018,4.9
Nicaragua,2019,5.4
Nicaragua,2020,3.7
Nicaragua,2021,4.9
Nicaragua,2022,10.5
Nicaragua,2023,9.1
Nicaragua,2024,5
Niger,2002,2.5
Niger,2003,-1.5
Niger,2004,0.2
Niger,2005,7.8
Niger,2006,0
Niger,2007,0.1
Niger,2008,11.3
Niger,2009,0.5
Niger,2010,0.9
Niger,2011,2.9
Niger,2012,0.5
Niger,2013,2.3
Niger,2014,-0.9
Niger,2015,1
Niger,2016,0.2
Niger,2017,0.2
Niger,2018,2.8
Niger,2019,-2.5
Niger,2020,2.9
Niger,2021,3.8
Niger,2022,4.2
Niger,2023,4.6
Niger,2024,6.6
Nigeria,2002,12.9
Nigeria,2003,14
Nigeria,2004,15
Nigeria,2005,17.9
Nigeria,2006,8.2
Nigeria,2007,5.4
Nigeria,2008,11.6
Nigeria,2009,12.5
Nigeria,2010,13.7
Nigeria,2011,10.8
Nigeria,2012,12.2
Nigeria,2013,8.5
Nigeria,2014,8
Nigeria,2015,9
Nigeria,2016,15.7
Nigeria,2017,16.5
Nigeria,2018,12.1
Nigeria,2019,11.4
Nigeria,2020,13.2
Nigeria,2021,17
Nigeria,2022,18.8
Nigeria,2023,25.1
Nigeria,2024,23
North Korea,2002,-2.6
North Korea,2003,-1.6
North Korea,2004,1
North Korea,2005,4.4
North Korea,2006,5.1
North Korea,2007,5.6
North Korea,2008,8.6
North Korea,2009,1.2
North Korea,2010,2.8
North Korea,2011,5.8
North Korea,2012,6.1
North Korea,2013,5.5
North Korea,2014,6
North Korea,2015,4.6
North Korea,2016,2.4
North Korea,2017,1.2
North Korea,2018,3
North Korea,2019,2.8
North Korea,2020,0.8
North Korea,2021,0
North Korea,2022,1
North Korea,2023,0.9
North Korea,2024,1.7
North Macedonia ,2002,1.1
North Macedonia ,2003,0.9
North Macedonia ,2004,-0.4
North Macedonia ,2005,0.5
North Macedonia ,2006,3.2
North Macedonia ,2007,2.3
North Macedonia ,2008,8.3
North Macedonia ,2009,-0.7
North Macedonia ,2010,1.5
North Macedonia ,2011,3.9
North Macedonia ,2012,3.3
North Macedonia ,2013,2.8
North Macedonia ,2014,-0.3
North Macedonia ,2015,-0.3
North Macedonia ,2016,-0.2
North Macedonia ,2017,1.4
North Macedonia ,2018,1.5
North Macedonia ,2019,0.8
North Macedonia ,2020,1.2
North Macedonia ,2021,3.2
North Macedonia ,2022,14.2
North Macedonia ,2023,10
North Macedonia ,2024,4.3
Norway,2002,1.3
Norway,2003,2.5
Norway,2004,0.5
Norway,2005,1.5
Norway,2006,2.3
Norway,2007,0.7
Norway,2008,3.8
Norway,2009,2.2
Norway,2010,2.4
Norway,2011,1.3
Norway,2012,0.7
Norway,2013,2.1
Norway,2014,2
Norway,2015,2.2
Norway,2016,3.6
Norway,2017,1.9
Norway,2018,2.8
Norway,2019,2.2
Norway,2020,1.3
Norway,2021,3.5
Norway,2022,5.8
Norway,2023,5.8
Norway,2024,3.7
Oman,2002,-0.3
Oman,2003,0.2
Oman,2004,0.8
Oman,2005,1.9
Oman,2006,3.2
Oman,2007,5.9
Oman,2008,12.6
Oman,2009,3.5
Oman,2010,3.3
Oman,2011,4.1
Oman,2012,2.9
Oman,2013,1
Oman,2014,1
Oman,2015,0.1
Oman,2016,1.1
Oman,2017,1.6
Oman,2018,0.9
Oman,2019,0.1
Oman,2020,-0.9
Oman,2021,1.5
Oman,2022,2.8
Oman,2023,1.1
Oman,2024,1.7
Pakistan,2002,3.5
Pakistan,2003,3.1
Pakistan,2004,4.6
Pakistan,2005,9.3
Pakistan,2006,7.9
Pakistan,2007,7.8
Pakistan,2008,12
Pakistan,2009,19.6
Pakistan,2010,10.1
Pakistan,2011,13.7
Pakistan,2012,11
Pakistan,2013,7.4
Pakistan,2014,8.6
Pakistan,2015,4.5
Pakistan,2016,2.9
Pakistan,2017,4.1
Pakistan,2018,3.9
Pakistan,2019,6.7
Pakistan,2020,10.7
Pakistan,2021,8.9
Pakistan,2022,12.1
Pakistan,2023,29.2
Pakistan,2024,23.6
Palau,2002,-0.3
Palau,2003,0.6
Palau,2004,0.5
Palau,2005,3.6
Palau,2006,4.2
Palau,2007,3
Palau,2008,9.9
Palau,2009,4.7
Palau,2010,1.1
Palau,2011,2.6
Palau,2012,5.4
Palau,2013,2.8
Palau,2014,4
Palau,2015,2.2
Palau,2016,-1.3
Palau,2017,1.1
Palau,2018,2.4
Palau,2019,0.4
Palau,2020,0.7
Palau,2021,-0.5
Palau,2022,13.2
Palau,2023,12.5
Palau,2024,4.6
Palestine,2002,0.2
Palestine,2003,1.4
Palestine,2004,2.5
Palestine,2005,5.6
Palestine,2006,5.2
Palestine,2007,4.2
Palestine,2008,5.2
Palestine,2009,0.3
Palestine,2010,2.5
Palestine,2011,2.9
Palestine,2012,1.3
Palestine,2013,1.1
Palestine,2014,0.6
Palestine,2015,-0.8
Palestine,2016,-0.3
Palestine,2017,1.8
Palestine,2018,1.3
Palestine,2019,0.1
Palestine,2020,-0.5
Palestine,2021,2.4
Palestine,2022,5.9
Palestine,2023,2.9
Palestine,2024,1.5
Panama,2002,1
Panama,2003,0.1
Panama,2004,0.5
Panama,2005,2.9
Panama,2006,2.5
Panama,2007,4.2
Panama,2008,8.8
Panama,2009,2.4
Panama,2010,3.5
Panama,2011,5.9
Panama,2012,5.7
Panama,2013,4
Panama,2014,2.6
Panama,2015,0.1
Panama,2016,0.7
Panama,2017,0.9
Panama,2018,0.8
Panama,2019,-0.4
Panama,2020,-1.6
Panama,2021,1.6
Panama,2022,2.9
Panama,2023,1.5
Panama,2024,1.9
Papua New Guinea,2002,11.8
Papua New Guinea,2003,14.7
Papua New Guinea,2004,2.2
Papua New Guinea,2005,1.8
Papua New Guinea,2006,2.4
Papua New Guinea,2007,0.9
Papua New Guinea,2008,10.8
Papua New Guinea,2009,6.9
Papua New Guinea,2010,5.1
Papua New Guinea,2011,4.4
Papua New Guinea,2012,4.5
Papua New Guinea,2013,5
Papua New Guinea,2014,5.2
Papua New Guinea,2015,6
Papua New Guinea,2016,6.7
Papua New Guinea,2017,5.4
Papua New Guinea,2018,4.4
Papua New Guinea,2019,3.9
Papua New Guinea,2020,4.9
Papua New Guinea,2021,4.5
Papua New Guinea,2022,5.3
Papua New Guinea,2023,5
Papua New Guinea,2024,4.9
Paraguay,2002,10.5
Paraguay,2003,14.2
Paraguay,2004,4.3
Paraguay,2005,6.8
Paraguay,2006,9.6
Paraguay,2007,8.1
Paraguay,2008,10.2
Paraguay,2009,2.6
Paraguay,2010,4.7
Paraguay,2011,8.3
Paraguay,2012,3.7
Paraguay,2013,2.7
Paraguay,2014,5
Paraguay,2015,3.1
Paraguay,2016,4.1
Paraguay,2017,3.6
Paraguay,2018,4
Paraguay,2019,2.8
Paraguay,2020,1.8
Paraguay,2021,4.8
Paraguay,2022,9.8
Paraguay,2023,4.7
Paraguay,2024,4.1
Peru,2002,0.2
Peru,2003,2.3
Peru,2004,3.7
Peru,2005,1.6
Peru,2006,2
Peru,2007,1.8
Peru,2008,5.8
Peru,2009,2.9
Peru,2010,1.5
Peru,2011,3.4
Peru,2012,3.7
Peru,2013,2.8
Peru,2014,3.2
Peru,2015,3.5
Peru,2016,3.6
Peru,2017,2.8
Peru,2018,1.3
Peru,2019,2.1
Peru,2020,1.8
Peru,2021,4
Peru,2022,7.9
Peru,2023,6.5
Peru,2024,2.9
Philippines,2002,2.8
Philippines,2003,2.2
Philippines,2004,4.8
Philippines,2005,6.6
Philippines,2006,5.4
Philippines,2007,2.9
Philippines,2008,8.2
Philippines,2009,4.2
Philippines,2010,3.7
Philippines,2011,4.7
Philippines,2012,3.2
Philippines,2013,2.6
Philippines,2014,3.6
Philippines,2015,0.7
Philippines,2016,1.2
Philippines,2017,2.9
Philippines,2018,5.3
Philippines,2019,2.4
Philippines,2020,2.4
Philippines,2021,3.9
Philippines,2022,5.8
Philippines,2023,5.8
Philippines,2024,3.2
Poland,2002,1.9
Poland,2003,0.7
Poland,2004,3.5
Poland,2005,2.2
Poland,2006,1.2
Poland,2007,2.5
Poland,2008,4.3
Poland,2009,3.8
Poland,2010,2.6
Poland,2011,4.2
Poland,2012,3.7
Poland,2013,1.1
Poland,2014,0.1
Poland,2015,-0.9
Poland,2016,-0.7
Poland,2017,2
Poland,2018,1.8
Poland,2019,2.2
Poland,2020,3.4
Poland,2021,5.1
Poland,2022,14.4
Poland,2023,12
Poland,2024,6.4
Portugal,2002,3.7
Portugal,2003,3.2
Portugal,2004,2.5
Portugal,2005,2.1
Portugal,2006,3
Portugal,2007,2.4
Portugal,2008,2.7
Portugal,2009,-0.9
Portugal,2010,1.4
Portugal,2011,3.6
Portugal,2012,2.8
Portugal,2013,0.4
Portugal,2014,-0.2
Portugal,2015,0.5
Portugal,2016,0.6
Portugal,2017,1.6
Portugal,2018,1.2
Portugal,2019,0.3
Portugal,2020,-0.1
Portugal,2021,0.9
Portugal,2022,8.1
Portugal,2023,5.3
Portugal,2024,3.4
Qatar,2002,0.2
Qatar,2003,2.3
Qatar,2004,6.8
Qatar,2005,9
Qatar,2006,11.7
Qatar,2007,13.7
Qatar,2008,15.1
Qatar,2009,-4.9
Qatar,2010,-2.4
Qatar,2011,2
Qatar,2012,1.8
Qatar,2013,3.1
Qatar,2014,4.2
Qatar,2015,0.9
Qatar,2016,2.7
Qatar,2017,0.6
Qatar,2018,0.1
Qatar,2019,-0.9
Qatar,2020,-2.5
Qatar,2021,2.3
Qatar,2022,5
Qatar,2023,2.8
Qatar,2024,2.3
Romania,2002,22.5
Romania,2003,15.4
Romania,2004,11.9
Romania,2005,9
Romania,2006,6.6
Romania,2007,4.8
Romania,2008,7.8
Romania,2009,5.6
Romania,2010,6.1
Romania,2011,5.8
Romania,2012,3.3
Romania,2013,4
Romania,2014,1.1
Romania,2015,-0.6
Romania,2016,-1.6
Romania,2017,1.3
Romania,2018,4.6
Romania,2019,3.8
Romania,2020,2.6
Romania,2021,5
Romania,2022,13.8
Romania,2023,10.7
Romania,2024,5.8
Russia,2002,15.8
Russia,2003,13.7
Russia,2004,10.9
Russia,2005,12.7
Russia,2006,9.7
Russia,2007,9
Russia,2008,14.1
Russia,2009,11.6
Russia,2010,6.8
Russia,2011,8.4
Russia,2012,5.1
Russia,2013,6.8
Russia,2014,7.8
Russia,2015,15.5
Russia,2016,7
Russia,2017,3.7
Russia,2018,2.9
Russia,2019,4.5
Russia,2020,3.4
Russia,2021,6.7
Russia,2022,13.8
Russia,2023,5.3
Russia,2024,6.3
Rwanda,2002,2
Rwanda,2003,7.4
Rwanda,2004,12
Rwanda,2005,9.1
Rwanda,2006,8.8
Rwanda,2007,9.1
Rwanda,2008,15.4
Rwanda,2009,10.3
Rwanda,2010,2.3
Rwanda,2011,5.7
Rwanda,2012,6.3
Rwanda,2013,4.2
Rwanda,2014,1.8
Rwanda,2015,2.5
Rwanda,2016,5.7
Rwanda,2017,4.8
Rwanda,2018,1.4
Rwanda,2019,2.4
Rwanda,2020,7.7
Rwanda,2021,0.8
Rwanda,2022,13.9
Rwanda,2023,14.5
Rwanda,2024,6
Saint Kitts and Nevis,2002,2.1
Saint Kitts and Nevis,2003,2.3
Saint Kitts and Nevis,2004,2.2
Saint Kitts and Nevis,2005,3.4
Saint Kitts and Nevis,2006,8.5
Saint Kitts and Nevis,2007,4.5
Saint Kitts and Nevis,2008,5.3
Saint Kitts and Nevis,2009,2.1
Saint Kitts and Nevis,2010,0.9
Saint Kitts and Nevis,2011,5.8
Saint Kitts and Nevis,2012,0.8
Saint Kitts and Nevis,2013,1.1
Saint Kitts and Nevis,2014,0.2
Saint Kitts and Nevis,2015,-2.3
Saint Kitts and Nevis,2016,-0.7
Saint Kitts and Nevis,2017,0.7
Saint Kitts and Nevis,2018,-1
Saint Kitts and Nevis,2019,-0.3
Saint Kitts and Nevis,2020,-1.2
Saint Kitts and Nevis,2021,1.2
Saint Kitts and Nevis,2022,2.7
Saint Kitts and Nevis,2023,2.9
Saint Kitts and Nevis,2024,2.3
Saint Lucia,2002,-0.3
Saint Lucia,2003,1
Saint Lucia,2004,1.5
Saint Lucia,2005,3.9
Saint Lucia,2006,3.6
Saint Lucia,2007,2.8
Saint Lucia,2008,5.5
Saint Lucia,2009,-0.2
Saint Lucia,2010,3.3
Saint Lucia,2011,2.8
Saint Lucia,2012,4.2
Saint Lucia,2013,1.5
Saint Lucia,2014,3.5
Saint Lucia,2015,-1
Saint Lucia,2016,-3.1
Saint Lucia,2017,0.1
Saint Lucia,2018,2.6
Saint Lucia,2019,0.5
Saint Lucia,2020,-1.8
Saint Lucia,2021,2.4
Saint Lucia,2022,6.4
Saint Lucia,2023,3.6
Saint Lucia,2024,2
Saint Vincent and the Grenadines,2002,0.7
Saint Vincent and the Grenadines,2003,0.1
Saint Vincent and the Grenadines,2004,2.9
Saint Vincent and the Grenadines,2005,3.4
Saint Vincent and the Grenadines,2006,3
Saint Vincent and the Grenadines,2007,7
Saint Vincent and the Grenadines,2008,10.1
Saint Vincent and the Grenadines,2009,0.4
Saint Vincent and the Grenadines,2010,0.8
Saint Vincent and the Grenadines,2011,3.2
Saint Vincent and the Grenadines,2012,2.6
Saint Vincent and the Grenadines,2013,0.8
Saint Vincent and the Grenadines,2014,0.2
Saint Vincent and the Grenadines,2015,-1.7
Saint Vincent and the Grenadines,2016,-0.2
Saint Vincent and the Grenadines,2017,2.2
Saint Vincent and the Grenadines,2018,2.3
Saint Vincent and the Grenadines,2019,0.9
Saint Vincent and the Grenadines,2020,-0.6
Saint Vincent and the Grenadines,2021,1.6
Saint Vincent and the Grenadines,2022,5.7
Saint Vincent and the Grenadines,2023,4.4
Saint Vincent and the Grenadines,2024,2.4
Samoa,2002,7.4
Samoa,2003,4.4
Samoa,2004,7.8
Samoa,2005,7.8
Samoa,2006,3.2
Samoa,2007,4.5
Samoa,2008,6.3
Samoa,2009,14.6
Samoa,2010,-0.2
Samoa,2011,2.9
Samoa,2012,6.2
Samoa,2013,-0.2
Samoa,2014,-1.2
Samoa,2015,1.9
Samoa,2016,0.1
Samoa,2017,1.3
Samoa,2018,3.7
Samoa,2019,2.2
Samoa,2020,1.5
Samoa,2021,-3
Samoa,2022,8.7
Samoa,2023,12
Samoa,2024,5
San Marino,2002,NA
San Marino,2003,1.3
San Marino,2004,1.4
San Marino,2005,1.7
San Marino,2006,2.1
San Marino,2007,2.5
San Marino,2008,4.1
San Marino,2009,2.4
San Marino,2010,2.4
San Marino,2011,2.2
San Marino,2012,2.8
San Marino,2013,1.6
San Marino,2014,1.1
San Marino,2015,0.1
San Marino,2016,0.6
San Marino,2017,1
San Marino,2018,1.2
San Marino,2019,0.5
San Marino,2020,-0.1
San Marino,2021,2.1
San Marino,2022,5.3
San Marino,2023,5.9
San Marino,2024,2.5
Sao Tome and Principe,2002,10.1
Sao Tome and Principe,2003,9.8
Sao Tome and Principe,2004,13.3
Sao Tome and Principe,2005,17.2
Sao Tome and Principe,2006,23.1
Sao Tome and Principe,2007,18.6
Sao Tome and Principe,2008,32
Sao Tome and Principe,2009,17
Sao Tome and Principe,2010,13.3
Sao Tome and Principe,2011,14.3
Sao Tome and Principe,2012,10.6
Sao Tome and Principe,2013,8.1
Sao Tome and Principe,2014,7
Sao Tome and Principe,2015,6.1
Sao Tome and Principe,2016,5.4
Sao Tome and Principe,2017,5.7
Sao Tome and Principe,2018,7.9
Sao Tome and Principe,2019,7.7
Sao Tome and Principe,2020,9.8
Sao Tome and Principe,2021,8.1
Sao Tome and Principe,2022,18
Sao Tome and Principe,2023,20.8
Sao Tome and Principe,2024,11.9
Saudi Arabia,2002,0.1
Saudi Arabia,2003,0.5
Saudi Arabia,2004,0.3
Saudi Arabia,2005,0.6
Saudi Arabia,2006,1.9
Saudi Arabia,2007,5
Saudi Arabia,2008,6.1
Saudi Arabia,2009,4.3
Saudi Arabia,2010,3.7
Saudi Arabia,2011,3.7
Saudi Arabia,2012,2.9
Saudi Arabia,2013,3.5
Saudi Arabia,2014,2.2
Saudi Arabia,2015,1.2
Saudi Arabia,2016,2.1
Saudi Arabia,2017,-0.8
Saudi Arabia,2018,2.5
Saudi Arabia,2019,-2.1
Saudi Arabia,2020,3.4
Saudi Arabia,2021,3.1
Saudi Arabia,2022,2.5
Saudi Arabia,2023,2.5
Saudi Arabia,2024,2.2
Senegal,2002,2.4
Senegal,2003,0
Senegal,2004,0.5
Senegal,2005,1.7
Senegal,2006,2.1
Senegal,2007,5.9
Senegal,2008,6.3
Senegal,2009,-2.2
Senegal,2010,1.2
Senegal,2011,3.4
Senegal,2012,1.4
Senegal,2013,0.7
Senegal,2014,-1.1
Senegal,2015,0.9
Senegal,2016,1.2
Senegal,2017,1.1
Senegal,2018,0.5
Senegal,2019,1
Senegal,2020,2.5
Senegal,2021,2.2
Senegal,2022,9.7
Senegal,2023,6.1
Senegal,2024,3.3
Serbia,2002,8.9
Serbia,2003,2.9
Serbia,2004,10.6
Serbia,2005,16.3
Serbia,2006,10.7
Serbia,2007,6
Serbia,2008,12.4
Serbia,2009,8.1
Serbia,2010,6.1
Serbia,2011,11.1
Serbia,2012,7.3
Serbia,2013,7.7
Serbia,2014,2.1
Serbia,2015,1.4
Serbia,2016,1.1
Serbia,2017,3.1
Serbia,2018,2
Serbia,2019,1.8
Serbia,2020,1.6
Serbia,2021,4.1
Serbia,2022,12
Serbia,2023,12.4
Serbia,2024,5.3
Seychelles,2002,0.2
Seychelles,2003,3.3
Seychelles,2004,3.9
Seychelles,2005,0.6
Seychelles,2006,-1.9
Seychelles,2007,5.3
Seychelles,2008,37
Seychelles,2009,31.8
Seychelles,2010,-2.4
Seychelles,2011,2.6
Seychelles,2012,7.1
Seychelles,2013,4.3
Seychelles,2014,1.4
Seychelles,2015,4
Seychelles,2016,-1
Seychelles,2017,2.9
Seychelles,2018,3.7
Seychelles,2019,1.8
Seychelles,2020,1.2
Seychelles,2021,9.8
Seychelles,2022,2.6
Seychelles,2023,-0.8
Seychelles,2024,2
Sierra Leone,2002,0.1
Sierra Leone,2003,4
Sierra Leone,2004,12.9
Sierra Leone,2005,13.7
Sierra Leone,2006,10.5
Sierra Leone,2007,17
Sierra Leone,2008,8.2
Sierra Leone,2009,7.5
Sierra Leone,2010,7.2
Sierra Leone,2011,6.8
Sierra Leone,2012,6.6
Sierra Leone,2013,5.5
Sierra Leone,2014,4.6
Sierra Leone,2015,6.7
Sierra Leone,2016,10.9
Sierra Leone,2017,18.2
Sierra Leone,2018,16
Sierra Leone,2019,14.8
Sierra Leone,2020,13.4
Sierra Leone,2021,11.9
Sierra Leone,2022,27.2
Sierra Leone,2023,42.9
Sierra Leone,2024,29.7
Singapore,2002,-0.4
Singapore,2003,0.5
Singapore,2004,1.7
Singapore,2005,0.5
Singapore,2006,1
Singapore,2007,2.1
Singapore,2008,6.6
Singapore,2009,0.6
Singapore,2010,2.8
Singapore,2011,5.2
Singapore,2012,4.6
Singapore,2013,2.4
Singapore,2014,1
Singapore,2015,-0.5
Singapore,2016,-0.5
Singapore,2017,0.6
Singapore,2018,0.4
Singapore,2019,0.6
Singapore,2020,-0.2
Singapore,2021,2.3
Singapore,2022,6.1
Singapore,2023,5.5
Singapore,2024,3.5
Slovakia,2002,3.5
Slovakia,2003,8.4
Slovakia,2004,7.5
Slovakia,2005,2.8
Slovakia,2006,4.3
Slovakia,2007,1.9
Slovakia,2008,3.9
Slovakia,2009,0.9
Slovakia,2010,0.7
Slovakia,2011,4.1
Slovakia,2012,3.7
Slovakia,2013,1.5
Slovakia,2014,-0.1
Slovakia,2015,-0.3
Slovakia,2016,-0.5
Slovakia,2017,1.4
Slovakia,2018,2.5
Slovakia,2019,2.8
Slovakia,2020,2
Slovakia,2021,2.8
Slovakia,2022,12.1
Slovakia,2023,10.9
Slovakia,2024,4.8
Slovenia,2002,7.5
Slovenia,2003,5.5
Slovenia,2004,3.6
Slovenia,2005,2.5
Slovenia,2006,2.5
Slovenia,2007,3.7
Slovenia,2008,5.7
Slovenia,2009,0.8
Slovenia,2010,1.8
Slovenia,2011,1.8
Slovenia,2012,2.6
Slovenia,2013,1.8
Slovenia,2014,0.2
Slovenia,2015,-0.5
Slovenia,2016,-0.1
Slovenia,2017,1.4
Slovenia,2018,1.7
Slovenia,2019,1.6
Slovenia,2020,-0.1
Slovenia,2021,1.9
Slovenia,2022,8.8
Slovenia,2023,7.4
Slovenia,2024,4.2
Solomon Islands,2002,9.4
Solomon Islands,2003,10.1
Solomon Islands,2004,6.9
Solomon Islands,2005,7.5
Solomon Islands,2006,11.2
Solomon Islands,2007,7.7
Solomon Islands,2008,17.3
Solomon Islands,2009,7.2
Solomon Islands,2010,0.9
Solomon Islands,2011,7.4
Solomon Islands,2012,5.9
Solomon Islands,2013,5.2
Solomon Islands,2014,5.3
Solomon Islands,2015,-0.6
Solomon Islands,2016,0.5
Solomon Islands,2017,0.5
Solomon Islands,2018,3.5
Solomon Islands,2019,1.6
Solomon Islands,2020,3
Solomon Islands,2021,-0.1
Solomon Islands,2022,5.5
Solomon Islands,2023,4.9
Solomon Islands,2024,4
Somalia,2002,NA
Somalia,2003,NA
Somalia,2004,NA
Somalia,2005,NA
Somalia,2006,NA
Somalia,2007,NA
Somalia,2008,NA
Somalia,2009,NA
Somalia,2010,NA
Somalia,2011,NA
Somalia,2012,NA
Somalia,2013,2.8
Somalia,2014,1.3
Somalia,2015,0.9
Somalia,2016,0
Somalia,2017,4
Somalia,2018,4.3
Somalia,2019,4.5
Somalia,2020,4.3
Somalia,2021,4.6
Somalia,2022,6.8
Somalia,2023,5.7
Somalia,2024,4.1
South Africa,2002,9
South Africa,2003,5.9
South Africa,2004,1.4
South Africa,2005,3.4
South Africa,2006,4.7
South Africa,2007,7.1
South Africa,2008,11
South Africa,2009,7.2
South Africa,2010,4.2
South Africa,2011,5
South Africa,2012,5.6
South Africa,2013,5.7
South Africa,2014,6.1
South Africa,2015,4.6
South Africa,2016,6.3
South Africa,2017,5.3
South Africa,2018,4.6
South Africa,2019,4.1
South Africa,2020,3.3
South Africa,2021,4.6
South Africa,2022,6.9
South Africa,2023,5.8
South Africa,2024,4.8
"""Korea, South""",2002,2.8
"""Korea, South""",2003,3.5
"""Korea, South""",2004,3.6
"""Korea, South""",2005,2.8
"""Korea, South""",2006,2.2
"""Korea, South""",2007,2.5
"""Korea, South""",2008,4.7
"""Korea, South""",2009,2.8
"""Korea, South""",2010,2.9
"""Korea, South""",2011,4
"""Korea, South""",2012,2.2
"""Korea, South""",2013,1.3
"""Korea, South""",2014,1.3
"""Korea, South""",2015,0.7
"""Korea, South""",2016,1
"""Korea, South""",2017,1.9
"""Korea, South""",2018,1.5
"""Korea, South""",2019,0.4
"""Korea, South""",2020,0.5
"""Korea, South""",2021,2.5
"""Korea, South""",2022,5.1
"""Korea, South""",2023,3.4
"""Korea, South""",2024,2.3
South Sudan,2002,NA
South Sudan,2003,NA
South Sudan,2004,NA
South Sudan,2005,NA
South Sudan,2006,NA
South Sudan,2007,NA
South Sudan,2008,NA
South Sudan,2009,NA
South Sudan,2010,NA
South Sudan,2011,NA
South Sudan,2012,42.4
South Sudan,2013,-2.7
South Sudan,2014,4.3
South Sudan,2015,53
South Sudan,2016,346.1
South Sudan,2017,213
South Sudan,2018,83.4
South Sudan,2019,49.3
South Sudan,2020,24
South Sudan,2021,30.2
South Sudan,2022,-3.2
South Sudan,2023,16.3
South Sudan,2024,13.6
Spain,2002,3.6
Spain,2003,3.1
Spain,2004,3.1
Spain,2005,3.4
Spain,2006,3.6
Spain,2007,2.8
Spain,2008,4.1
Spain,2009,-0.2
Spain,2010,2
Spain,2011,3
Spain,2012,2.4
Spain,2013,1.5
Spain,2014,-0.2
Spain,2015,-0.6
Spain,2016,-0.3
Spain,2017,2
Spain,2018,1.7
Spain,2019,0.8
Spain,2020,-0.3
Spain,2021,3
Spain,2022,8.3
Spain,2023,3.5
Spain,2024,3.9
Sri Lanka,2002,9.6
Sri Lanka,2003,9
Sri Lanka,2004,9
Sri Lanka,2005,11
Sri Lanka,2006,9.9
Sri Lanka,2007,15.9
Sri Lanka,2008,22.4
Sri Lanka,2009,3.5
Sri Lanka,2010,6.2
Sri Lanka,2011,6.7
Sri Lanka,2012,7.5
Sri Lanka,2013,6.9
Sri Lanka,2014,2.8
Sri Lanka,2015,2.2
Sri Lanka,2016,4
Sri Lanka,2017,6.6
Sri Lanka,2018,4.3
Sri Lanka,2019,4.3
Sri Lanka,2020,4.6
Sri Lanka,2021,6
Sri Lanka,2022,45.2
Sri Lanka,2023,NA
Sri Lanka,2024,NA
Sudan,2002,22.2
Sudan,2003,6.5
Sudan,2004,9.7
Sudan,2005,8.5
Sudan,2006,7.2
Sudan,2007,14.8
Sudan,2008,14.3
Sudan,2009,11.3
Sudan,2010,13
Sudan,2011,18.1
Sudan,2012,35.6
Sudan,2013,36.5
Sudan,2014,36.9
Sudan,2015,16.9
Sudan,2016,17.8
Sudan,2017,32.4
Sudan,2018,63.3
Sudan,2019,51
Sudan,2020,163.3
Sudan,2021,359.1
Sudan,2022,138.8
Sudan,2023,256.2
Sudan,2024,152.4
Suriname,2002,15.5
Suriname,2003,23
Suriname,2004,9.1
Suriname,2005,14
Suriname,2006,11.3
Suriname,2007,6.4
Suriname,2008,14.7
Suriname,2009,-0.3
Suriname,2010,6.9
Suriname,2011,17.7
Suriname,2012,5
Suriname,2013,1.9
Suriname,2014,3.4
Suriname,2015,6.9
Suriname,2016,55.5
Suriname,2017,22
Suriname,2018,6.9
Suriname,2019,4.4
Suriname,2020,34.9
Suriname,2021,59.1
Suriname,2022,52.4
Suriname,2023,53.3
Suriname,2024,30.9
Sweden,2002,1.9
Sweden,2003,2.3
Sweden,2004,1
Sweden,2005,0.8
Sweden,2006,1.5
Sweden,2007,1.7
Sweden,2008,3.3
Sweden,2009,1.9
Sweden,2010,1.9
Sweden,2011,1.4
Sweden,2012,0.9
Sweden,2013,0.4
Sweden,2014,0.2
Sweden,2015,0.7
Sweden,2016,1.1
Sweden,2017,1.9
Sweden,2018,2
Sweden,2019,1.7
Sweden,2020,0.7
Sweden,2021,2.7
Sweden,2022,8.1
Sweden,2023,6.9
Sweden,2024,3.6
Switzerland,2002,0.6
Switzerland,2003,0.6
Switzerland,2004,0.8
Switzerland,2005,1.2
Switzerland,2006,1.1
Switzerland,2007,0.7
Switzerland,2008,2.4
Switzerland,2009,-0.5
Switzerland,2010,0.7
Switzerland,2011,0.2
Switzerland,2012,-0.7
Switzerland,2013,-0.2
Switzerland,2014,0
Switzerland,2015,-1.1
Switzerland,2016,-0.4
Switzerland,2017,0.5
Switzerland,2018,0.9
Switzerland,2019,0.4
Switzerland,2020,-0.7
Switzerland,2021,0.6
Switzerland,2022,2.8
Switzerland,2023,2.2
Switzerland,2024,2
Syria,2002,-0.5
Syria,2003,5.8
Syria,2004,4.4
Syria,2005,7.2
Syria,2006,10.4
Syria,2007,4.7
Syria,2008,15.2
Syria,2009,2.8
Syria,2010,4.4
Syria,2011,NA
Syria,2012,NA
Syria,2013,NA
Syria,2014,NA
Syria,2015,NA
Syria,2016,NA
Syria,2017,NA
Syria,2018,NA
Syria,2019,NA
Syria,2020,NA
Syria,2021,NA
Syria,2022,NA
Syria,2023,NA
Syria,2024,NA
Taiwan ,2002,-0.2
Taiwan ,2003,-0.3
Taiwan ,2004,1.6
Taiwan ,2005,2.3
Taiwan ,2006,0.6
Taiwan ,2007,1.8
Taiwan ,2008,3.5
Taiwan ,2009,-0.9
Taiwan ,2010,1
Taiwan ,2011,1.4
Taiwan ,2012,1.9
Taiwan ,2013,0.8
Taiwan ,2014,1.2
Taiwan ,2015,-0.3
Taiwan ,2016,1.4
Taiwan ,2017,0.6
Taiwan ,2018,1.4
Taiwan ,2019,0.6
Taiwan ,2020,-0.2
Taiwan ,2021,2
Taiwan ,2022,2.9
Taiwan ,2023,2.1
Taiwan ,2024,1.5
Tajikistan,2002,12.2
Tajikistan,2003,16.4
Tajikistan,2004,7.2
Tajikistan,2005,7.3
Tajikistan,2006,10
Tajikistan,2007,13.2
Tajikistan,2008,20.4
Tajikistan,2009,6.4
Tajikistan,2010,6.5
Tajikistan,2011,12.4
Tajikistan,2012,5.8
Tajikistan,2013,5
Tajikistan,2014,6.1
Tajikistan,2015,5.8
Tajikistan,2016,5.9
Tajikistan,2017,7.3
Tajikistan,2018,3.8
Tajikistan,2019,7.8
Tajikistan,2020,8.6
Tajikistan,2021,9
Tajikistan,2022,6.6
Tajikistan,2023,4.6
Tajikistan,2024,5.7
Tanzania,2002,4.6
Tanzania,2003,4.4
Tanzania,2004,4.1
Tanzania,2005,4.4
Tanzania,2006,7.3
Tanzania,2007,7
Tanzania,2008,10.3
Tanzania,2009,12.1
Tanzania,2010,7.2
Tanzania,2011,12.7
Tanzania,2012,16
Tanzania,2013,7.9
Tanzania,2014,6.1
Tanzania,2015,5.6
Tanzania,2016,5.2
Tanzania,2017,5.3
Tanzania,2018,3.5
Tanzania,2019,3.4
Tanzania,2020,3.3
Tanzania,2021,3.7
Tanzania,2022,4.4
Tanzania,2023,4
Tanzania,2024,4
Thailand,2002,0.7
Thailand,2003,1.8
Thailand,2004,2.8
Thailand,2005,4.5
Thailand,2006,4.7
Thailand,2007,2.2
Thailand,2008,5.5
Thailand,2009,-0.9
Thailand,2010,3.3
Thailand,2011,3.8
Thailand,2012,3
Thailand,2013,2.2
Thailand,2014,1.9
Thailand,2015,-0.9
Thailand,2016,0.2
Thailand,2017,0.7
Thailand,2018,1.1
Thailand,2019,0.7
Thailand,2020,-0.8
Thailand,2021,1.2
Thailand,2022,6.1
Thailand,2023,1.5
Thailand,2024,1.6
The Democratic Republic of the Congo,2002,3
The Democratic Republic of the Congo,2003,1.7
The Democratic Republic of the Congo,2004,3.7
The Democratic Republic of the Congo,2005,2.5
The Democratic Republic of the Congo,2006,4.7
The Democratic Republic of the Congo,2007,2.6
The Democratic Republic of the Congo,2008,6
The Democratic Republic of the Congo,2009,4.3
The Democratic Republic of the Congo,2010,0.4
The Democratic Republic of the Congo,2011,1.8
The Democratic Republic of the Congo,2012,5
The Democratic Republic of the Congo,2013,4.6
The Democratic Republic of the Congo,2014,0.9
The Democratic Republic of the Congo,2015,3.2
The Democratic Republic of the Congo,2016,3.2
The Democratic Republic of the Congo,2017,0.4
The Democratic Republic of the Congo,2018,1.2
The Democratic Republic of the Congo,2019,0.4
The Democratic Republic of the Congo,2020,1.4
The Democratic Republic of the Congo,2021,2
The Democratic Republic of the Congo,2022,3
The Democratic Republic of the Congo,2023,3.5
The Democratic Republic of the Congo,2024,3.2
Timor-Leste,2002,4.1
Timor-Leste,2003,8
Timor-Leste,2004,2.2
Timor-Leste,2005,1.6
Timor-Leste,2006,5.2
Timor-Leste,2007,8.6
Timor-Leste,2008,7.4
Timor-Leste,2009,-0.2
Timor-Leste,2010,5.2
Timor-Leste,2011,13.2
Timor-Leste,2012,10.9
Timor-Leste,2013,9.5
Timor-Leste,2014,0.8
Timor-Leste,2015,0.6
Timor-Leste,2016,-1.5
Timor-Leste,2017,0.5
Timor-Leste,2018,2.3
Timor-Leste,2019,0.9
Timor-Leste,2020,0.5
Timor-Leste,2021,3.8
Timor-Leste,2022,7
Timor-Leste,2023,6
Timor-Leste,2024,2.5
Togo,2002,2.7
Togo,2003,-0.9
Togo,2004,0.7
Togo,2005,5.3
Togo,2006,1.1
Togo,2007,0.4
Togo,2008,7.7
Togo,2009,4.1
Togo,2010,0.2
Togo,2011,3.6
Togo,2012,2.6
Togo,2013,1.8
Togo,2014,0.2
Togo,2015,1.8
Togo,2016,0.9
Togo,2017,-0.2
Togo,2018,0.9
Togo,2019,0.7
Togo,2020,1.8
Togo,2021,4.5
Togo,2022,7.6
Togo,2023,5
Togo,2024,2.8
Tonga,2002,10
Tonga,2003,10.7
Tonga,2004,11.8
Tonga,2005,10
Tonga,2006,7.2
Tonga,2007,5
Tonga,2008,9.6
Tonga,2009,5.5
Tonga,2010,1.7
Tonga,2011,6
Tonga,2012,3.3
Tonga,2013,0.7
Tonga,2014,2.3
Tonga,2015,0.1
Tonga,2016,-0.6
Tonga,2017,7.2
Tonga,2018,6.8
Tonga,2019,3.3
Tonga,2020,0.4
Tonga,2021,1.4
Tonga,2022,8.5
Tonga,2023,10.2
Tonga,2024,5.8
Trinidad and Tobago,2002,4.1
Trinidad and Tobago,2003,3.8
Trinidad and Tobago,2004,3.8
Trinidad and Tobago,2005,6.9
Trinidad and Tobago,2006,8.3
Trinidad and Tobago,2007,7.9
Trinidad and Tobago,2008,12
Trinidad and Tobago,2009,7
Trinidad and Tobago,2010,10.5
Trinidad and Tobago,2011,5.1
Trinidad and Tobago,2012,9.3
Trinidad and Tobago,2013,5.2
Trinidad and Tobago,2014,5.7
Trinidad and Tobago,2015,4.7
Trinidad and Tobago,2016,3.1
Trinidad and Tobago,2017,1.9
Trinidad and Tobago,2018,1
Trinidad and Tobago,2019,1
Trinidad and Tobago,2020,0.6
Trinidad and Tobago,2021,2.1
Trinidad and Tobago,2022,5.8
Trinidad and Tobago,2023,5.4
Trinidad and Tobago,2024,2.9
Tunisia,2002,2.7
Tunisia,2003,2.7
Tunisia,2004,3.7
Tunisia,2005,2
Tunisia,2006,4.1
Tunisia,2007,3.4
Tunisia,2008,4.9
Tunisia,2009,3.5
Tunisia,2010,4.4
Tunisia,2011,3.2
Tunisia,2012,4.6
Tunisia,2013,5.3
Tunisia,2014,4.6
Tunisia,2015,4.4
Tunisia,2016,3.6
Tunisia,2017,5.3
Tunisia,2018,7.3
Tunisia,2019,6.7
Tunisia,2020,5.6
Tunisia,2021,5.7
Tunisia,2022,8.3
Tunisia,2023,9.4
Tunisia,2024,9.8
Turkey,2002,45.1
Turkey,2003,25.3
Turkey,2004,8.6
Turkey,2005,8.2
Turkey,2006,9.6
Turkey,2007,8.8
Turkey,2008,10.4
Turkey,2009,6.3
Turkey,2010,8.6
Turkey,2011,6.5
Turkey,2012,8.9
Turkey,2013,7.5
Turkey,2014,8.9
Turkey,2015,7.7
Turkey,2016,7.8
Turkey,2017,11.1
Turkey,2018,16.3
Turkey,2019,15.2
Turkey,2020,12.3
Turkey,2021,19.6
Turkey,2022,72.3
Turkey,2023,51.2
Turkey,2024,62.5
Turkmenistan,2002,8.8
Turkmenistan,2003,5.6
Turkmenistan,2004,5.9
Turkmenistan,2005,10.7
Turkmenistan,2006,8.2
Turkmenistan,2007,6.3
Turkmenistan,2008,14.5
Turkmenistan,2009,-2.7
Turkmenistan,2010,4.4
Turkmenistan,2011,5.3
Turkmenistan,2012,5.3
Turkmenistan,2013,6.8
Turkmenistan,2014,6
Turkmenistan,2015,7.4
Turkmenistan,2016,3.6
Turkmenistan,2017,8
Turkmenistan,2018,13.3
Turkmenistan,2019,5.1
Turkmenistan,2020,6.1
Turkmenistan,2021,19.5
Turkmenistan,2022,11.2
Turkmenistan,2023,5.9
Turkmenistan,2024,10.5
Tuvalu,2002,5.1
Tuvalu,2003,2.9
Tuvalu,2004,2.4
Tuvalu,2005,3.2
Tuvalu,2006,4.2
Tuvalu,2007,2.3
Tuvalu,2008,10.4
Tuvalu,2009,-0.3
Tuvalu,2010,-1.9
Tuvalu,2011,0.5
Tuvalu,2012,1.4
Tuvalu,2013,2
Tuvalu,2014,1.1
Tuvalu,2015,3.1
Tuvalu,2016,3.5
Tuvalu,2017,4.1
Tuvalu,2018,2.2
Tuvalu,2019,3.5
Tuvalu,2020,1.9
Tuvalu,2021,6.2
Tuvalu,2022,11.5
Tuvalu,2023,6.2
Tuvalu,2024,3.8
Uganda,2002,-0.3
Uganda,2003,8.7
Uganda,2004,3.7
Uganda,2005,8.6
Uganda,2006,7.2
Uganda,2007,6.1
Uganda,2008,12
Uganda,2009,13
Uganda,2010,4
Uganda,2011,18.7
Uganda,2012,14
Uganda,2013,5.5
Uganda,2014,4.3
Uganda,2015,3.7
Uganda,2016,5.2
Uganda,2017,5.6
Uganda,2018,2.5
Uganda,2019,2.1
Uganda,2020,2.8
Uganda,2021,2.2
Uganda,2022,7.2
Uganda,2023,5.8
Uganda,2024,4.7
Ukraine,2002,0.8
Ukraine,2003,5.2
Ukraine,2004,9
Ukraine,2005,13.5
Ukraine,2006,9.1
Ukraine,2007,12.8
Ukraine,2008,25.2
Ukraine,2009,15.9
Ukraine,2010,9.4
Ukraine,2011,8
Ukraine,2012,0.6
Ukraine,2013,-0.3
Ukraine,2014,12.1
Ukraine,2015,48.7
Ukraine,2016,13.9
Ukraine,2017,14.4
Ukraine,2018,10.9
Ukraine,2019,7.9
Ukraine,2020,2.7
Ukraine,2021,9.4
Ukraine,2022,20.2
Ukraine,2023,17.7
Ukraine,2024,13
United Arab Emirates,2002,2.9
United Arab Emirates,2003,3.1
United Arab Emirates,2004,5
United Arab Emirates,2005,6.2
United Arab Emirates,2006,9.3
United Arab Emirates,2007,11.1
United Arab Emirates,2008,12.3
United Arab Emirates,2009,-4.7
United Arab Emirates,2010,0.9
United Arab Emirates,2011,0.9
United Arab Emirates,2012,0.7
United Arab Emirates,2013,1.1
United Arab Emirates,2014,2.3
United Arab Emirates,2015,4.1
United Arab Emirates,2016,1.6
United Arab Emirates,2017,2
United Arab Emirates,2018,3.1
United Arab Emirates,2019,-1.9
United Arab Emirates,2020,-2.1
United Arab Emirates,2021,-0.1
United Arab Emirates,2022,4.8
United Arab Emirates,2023,3.1
United Arab Emirates,2024,2.3
United Kingdom,2002,1.3
United Kingdom,2003,1.4
United Kingdom,2004,1.3
United Kingdom,2005,2.1
United Kingdom,2006,2.3
United Kingdom,2007,2.3
United Kingdom,2008,3.6
United Kingdom,2009,2.2
United Kingdom,2010,3.3
United Kingdom,2011,4.5
United Kingdom,2012,2.8
United Kingdom,2013,2.6
United Kingdom,2014,1.5
United Kingdom,2015,0
United Kingdom,2016,0.7
United Kingdom,2017,2.7
United Kingdom,2018,2.5
United Kingdom,2019,1.8
United Kingdom,2020,0.9
United Kingdom,2021,2.6
United Kingdom,2022,9.1
United Kingdom,2023,7.7
United Kingdom,2024,3.7
United States of America,2002,1.6
United States of America,2003,2.3
United States of America,2004,2.7
United States of America,2005,3.4
United States of America,2006,3.2
United States of America,2007,2.9
United States of America,2008,3.8
United States of America,2009,-0.3
United States of America,2010,1.6
United States of America,2011,3.1
United States of America,2012,2.1
United States of America,2013,1.5
United States of America,2014,1.6
United States of America,2015,0.1
United States of America,2016,1.3
United States of America,2017,2.1
United States of America,2018,2.4
United States of America,2019,1.8
United States of America,2020,1.3
United States of America,2021,4.7
United States of America,2022,8
United States of America,2023,4.1
United States of America,2024,2.8
Uruguay,2002,14
Uruguay,2003,19.4
Uruguay,2004,9.2
Uruguay,2005,4.7
Uruguay,2006,6.4
Uruguay,2007,8.1
Uruguay,2008,7.9
Uruguay,2009,7.1
Uruguay,2010,6.7
Uruguay,2011,8.1
Uruguay,2012,8.1
Uruguay,2013,8.6
Uruguay,2014,8.9
Uruguay,2015,8.7
Uruguay,2016,9.6
Uruguay,2017,6.2
Uruguay,2018,7.6
Uruguay,2019,7.9
Uruguay,2020,9.8
Uruguay,2021,7.7
Uruguay,2022,9.1
Uruguay,2023,6.1
Uruguay,2024,5.9
Uzbekistan,2002,27.3
Uzbekistan,2003,12.5
Uzbekistan,2004,7.3
Uzbekistan,2005,10.7
Uzbekistan,2006,13.1
Uzbekistan,2007,11.2
Uzbekistan,2008,13.1
Uzbekistan,2009,12.3
Uzbekistan,2010,12.3
Uzbekistan,2011,12.4
Uzbekistan,2012,11.9
Uzbekistan,2013,11.7
Uzbekistan,2014,9.1
Uzbekistan,2015,8.5
Uzbekistan,2016,8.8
Uzbekistan,2017,13.9
Uzbekistan,2018,17.5
Uzbekistan,2019,14.5
Uzbekistan,2020,12.9
Uzbekistan,2021,10.8
Uzbekistan,2022,11.4
Uzbekistan,2023,10.2
Uzbekistan,2024,10
Vanuatu,2002,2
Vanuatu,2003,3
Vanuatu,2004,1.4
Vanuatu,2005,1.2
Vanuatu,2006,2
Vanuatu,2007,3.9
Vanuatu,2008,4.8
Vanuatu,2009,4.3
Vanuatu,2010,2.8
Vanuatu,2011,0.9
Vanuatu,2012,1.3
Vanuatu,2013,1.5
Vanuatu,2014,0.8
Vanuatu,2015,2.5
Vanuatu,2016,0.8
Vanuatu,2017,3.1
Vanuatu,2018,2.4
Vanuatu,2019,2.7
Vanuatu,2020,5.3
Vanuatu,2021,2.3
Vanuatu,2022,7
Vanuatu,2023,9.3
Vanuatu,2024,5.7
Venezuela,2002,22.4
Venezuela,2003,31.1
Venezuela,2004,21.7
Venezuela,2005,16
Venezuela,2006,13.7
Venezuela,2007,18.7
Venezuela,2008,31.4
Venezuela,2009,26
Venezuela,2010,28.2
Venezuela,2011,26.1
Venezuela,2012,21.1
Venezuela,2013,40.6
Venezuela,2014,62.2
Venezuela,2015,121.7
Venezuela,2016,254.9
Venezuela,2017,438.1
Venezuela,2018,65374.1
Venezuela,2019,19906
Venezuela,2020,2355.1
Venezuela,2021,1588.5
Venezuela,2022,186.5
Venezuela,2023,360
Venezuela,2024,200
Vietnam,2002,4.1
Vietnam,2003,3.3
Vietnam,2004,7.9
Vietnam,2005,8.4
Vietnam,2006,7.5
Vietnam,2007,8.3
Vietnam,2008,23.1
Vietnam,2009,6.7
Vietnam,2010,9.2
Vietnam,2011,18.7
Vietnam,2012,9.1
Vietnam,2013,6.6
Vietnam,2014,4.1
Vietnam,2015,0.6
Vietnam,2016,2.7
Vietnam,2017,3.5
Vietnam,2018,3.5
Vietnam,2019,2.8
Vietnam,2020,3.2
Vietnam,2021,1.8
Vietnam,2022,3.2
Vietnam,2023,3.4
Vietnam,2024,3.4
West Bank and Gaza,2002,5.7
West Bank and Gaza,2003,4.4
West Bank and Gaza,2004,3
West Bank and Gaza,2005,5.3
West Bank and Gaza,2006,3.8
West Bank and Gaza,2007,1.9
West Bank and Gaza,2008,9.9
West Bank and Gaza,2009,2.8
West Bank and Gaza,2010,3.8
West Bank and Gaza,2011,2.9
West Bank and Gaza,2012,2.8
West Bank and Gaza,2013,1.7
West Bank and Gaza,2014,1.7
West Bank and Gaza,2015,1.4
West Bank and Gaza,2016,-0.2
West Bank and Gaza,2017,0.2
West Bank and Gaza,2018,-0.2
West Bank and Gaza,2019,1.6
West Bank and Gaza,2020,-0.7
West Bank and Gaza,2021,1.2
West Bank and Gaza,2022,3.7
West Bank and Gaza,2023,3.4
West Bank and Gaza,2024,2.7
Yemen,2002,12.2
Yemen,2003,10.8
Yemen,2004,12.5
Yemen,2005,9.9
Yemen,2006,10.8
Yemen,2007,7.9
Yemen,2008,19
Yemen,2009,3.7
Yemen,2010,11.2
Yemen,2011,19.5
Yemen,2012,9.9
Yemen,2013,11
Yemen,2014,8.2
Yemen,2015,22
Yemen,2016,21.3
Yemen,2017,30.4
Yemen,2018,33.6
Yemen,2019,15.7
Yemen,2020,21.7
Yemen,2021,31.5
Yemen,2022,29.5
Yemen,2023,14.9
Yemen,2024,17.3
Zambia,2002,22.2
Zambia,2003,21.4
Zambia,2004,18
Zambia,2005,18.3
Zambia,2006,9
Zambia,2007,10.7
Zambia,2008,12.4
Zambia,2009,13.4
Zambia,2010,8.5
Zambia,2011,8.7
Zambia,2012,6.6
Zambia,2013,7
Zambia,2014,7.8
Zambia,2015,10.1
Zambia,2016,17.9
Zambia,2017,6.6
Zambia,2018,7.5
Zambia,2019,9.2
Zambia,2020,15.7
Zambia,2021,22
Zambia,2022,11
Zambia,2023,10.6
Zambia,2024,9.6
Zimbabwe,2002,-34.4
Zimbabwe,2003,-8.6
Zimbabwe,2004,113.6
Zimbabwe,2005,-31.5
Zimbabwe,2006,33
Zimbabwe,2007,-72.7
Zimbabwe,2008,157
Zimbabwe,2009,6.2
Zimbabwe,2010,3
Zimbabwe,2011,3.5
Zimbabwe,2012,3.7
Zimbabwe,2013,1.6
Zimbabwe,2014,-0.2
Zimbabwe,2015,-2.4
Zimbabwe,2016,-1.6
Zimbabwe,2017,0.9
Zimbabwe,2018,10.6
Zimbabwe,2019,255.3
Zimbabwe,2020,557.2
Zimbabwe,2021,98.5
Zimbabwe,2022,193.4
Zimbabwe,2023,314.5
Zimbabwe,2024,222.4
